,Open,High,Low,Close,Adj Close,Volume,Daily Returns,20_MA,50_MA
2020-01-01,1474.9080237694725,1478.0168030473048,1561.080787591126,1516.678358953224,1574.019774780186,75755174,,,
2020-01-02,1590.1428612819832,1553.6659304727473,1357.7812378872336,1480.170283352728,1404.2538821700775,19728490,-2.4071073068974935,,
2020-01-03,1546.398788362281,1625.4746143855912,1328.1507262857158,1492.4011607288267,1574.9403345368398,85211891,0.8263155606931027,,
2020-01-06,1519.7316968394073,1598.1537235508408,1250.3738895618885,1589.456667922363,1505.7874268054425,93521775,6.503312229142089,,
2020-01-07,1431.2037280884872,1589.4031481990537,1131.00652315801,1430.670280623216,1587.8135397025792,70289955,-9.989978997458449,,
2020-01-08,1431.1989040672406,1590.4968167974218,1575.5973069402794,1517.2459664033595,1559.7566471547332,16102437,6.051407298572675,,
2020-01-09,1411.61672243364,1521.898230243951,1547.0955550215426,1501.1777357768933,1599.5868221066676,20706265,-1.0590392713025976,,
2020-01-10,1573.235229154987,1508.7183688528987,1649.844720307372,1522.2908470869295,1470.142363090342,11191989,1.4064364802952367,,
2020-01-13,1520.2230023486418,1611.8722310957028,1648.1502603906479,1403.6220367641681,1553.4376577862254,63744057,-7.795409829195721,,
2020-01-14,1541.6145155592092,1612.0226789358362,1405.4874380814451,1574.4247817888304,1480.3861827218484,52300318,12.16871355328828,,
2020-01-15,1404.1168988591605,1623.4144637160207,1522.9430783492808,1586.4236564967225,1495.9751240607818,79890594,0.7621116516127957,,
2020-01-16,1593.9819704323988,1632.6481105112944,1619.6211514353354,1513.0266367178417,1525.501092643674,40919838,-4.626571185969475,,
2020-01-17,1566.4885281600843,1552.2684797721877,1567.3060648725764,1539.3301647753785,1574.7354228372678,33383771,1.7384709177755253,,
2020-01-20,1442.4678221356553,1550.30325893744,1236.0414559587587,1584.4998762354592,1596.816693839859,55245321,2.9343744762301727,,
2020-01-21,1436.3649934414202,1609.659035793355,1347.7992744205515,1541.4477268626797,1553.6546827729037,4855469,-2.7170812707833836,,
2020-01-22,1436.6809019706868,1579.992786155553,1171.0376783333222,1430.5078085828522,1483.5533564334667,82262634,-7.197124907091357,,
2020-01-23,1460.8484485919075,1590.3933754515406,1624.7280649922973,1515.2576720333627,1484.271400455414,26198641,5.924460037339396,,
2020-01-24,1504.9512863264476,1609.1585338872203,1433.3960489479841,1521.3430092765711,1547.5164603177782,14250540,0.4016041202445919,,
2020-01-27,1486.3890037284232,1628.0010683635132,1225.7535430269045,1484.8261342604771,1447.7554291536605,45321400,-2.4003051772958472,,
2020-01-28,1458.2458280396083,1517.599031370307,1469.4353764232212,1547.2888471249446,1422.094822626279,94555026,4.206735820660734,1514.6044825883414,
2020-01-29,1522.370578944476,1525.1165905279888,1439.9705322518428,1586.873402953803,1470.9244315281553,2092825,2.5583171430732854,1518.1142347883704,
2020-01-30,1427.8987721304084,1468.7963879681738,1296.9894949180623,1585.1137025813553,1457.4477983308163,71041842,-0.11089103700220315,1523.3614057498019,
2020-01-31,1458.4289297070436,1565.6560281992347,1162.456675709796,1490.1678742808265,1459.261624091198,30659798,-5.989843387632677,1523.2497414274017,
2020-02-03,1473.2723686587383,1457.1884547593484,1469.3652575760398,1422.6476091681511,1446.721550209982,6252941,-4.531050915673607,1514.909288489691,
2020-02-04,1491.2139968434071,1543.119603626492,1386.1692354970864,1596.9682397924669,1408.4186379272724,36386070,12.253254389978153,1523.2241864481534,
2020-02-05,1557.0351922786026,1558.5289269415152,1524.7751154546017,1567.7796172891867,1403.5747869466827,10656086,-1.8277522229918186,1525.7508689924448,
2020-02-06,1439.934756431672,1507.308250425657,1386.0899256115963,1424.9325362406535,1597.5444779472064,53407679,-9.111426087776742,1521.9386090156331,
2020-02-07,1502.8468876827224,1568.1666521138022,1568.699825175197,1584.1683765234745,1485.5546267471725,23389643,11.174973988798587,1525.0324854874602,
2020-02-10,1518.4829137724084,1456.1000499878098,1403.548761325967,1573.9792724124256,1476.8653294319363,89697893,-0.6431831528798337,1533.550347269873,
2020-02-11,1409.2900825439995,1457.4696377498428,1408.5158843444624,1503.7676114252145,1535.929456538614,2040369,-4.460774180310412,1530.0174887516926,
2020-02-12,1521.5089703802878,1614.5201121319317,1582.1594814620898,1518.255087148986,1443.6507775730129,41781557,0.9634118738626629,1526.6090602843055,
2020-02-13,1434.1048247374583,1522.0381282822525,1321.9155764168183,1479.800540774026,1589.9922367900451,85203140,-2.532811956334069,1524.9477554871148,
2020-02-14,1413.0103185970559,1475.412102530377,1173.7083756478523,1410.9523277644062,1557.2690028831105,48326615,-4.6525333051715245,1518.528863636566,
2020-02-17,1589.7771074506666,1554.4486520109608,1115.8304719723365,1467.0394483291802,1417.882200462452,26055176,3.9751251308144386,1512.6558422412522,
2020-02-18,1593.126406614912,1603.9987106197223,1515.3254906204904,1560.5706897196023,1483.5161551569856,81818171,6.375509635882337,1513.6119903840984,
2020-02-19,1561.6794696232923,1493.1642054993686,1441.1702532444056,1400.9264046009205,1575.8236615124329,51821929,-10.229865661988446,1512.1329201850017,
2020-02-20,1460.922753834674,1574.5780951638,1487.243872454573,1466.6998343382288,1588.9464044582821,7878748,4.694995363160781,1509.705028300245,
2020-02-21,1419.5344228012768,1467.0694929987535,1217.130288829901,1479.6337387181886,1493.4803022499739,41754364,0.8818371746660558,1507.619564772326,
2020-02-24,1536.8466053024313,1460.3363442337215,1175.0043115727233,1507.4791205875845,1522.6822778421415,52282965,1.8819104445076063,1508.7522140886813,
2020-02-25,1488.0304987479203,1556.2709263136296,1107.999566117335,1583.971123282552,1433.406789218415,69155694,5.074166643525557,1510.5863278965614,
2020-02-26,1424.4076469689558,1558.1270243220213,1292.8231573436283,1469.2691988731922,1598.2337252273953,33097728,-7.24141511946611,1504.706117692531,
2020-02-27,1499.035382022254,1577.4859802996414,1424.454727770048,1469.3906403792455,1446.3343402766886,77166032,0.008265436051235753,1498.9199645824256,
2020-02-28,1406.8777042230436,1595.2182667445322,1315.7342248048528,1547.5002496219497,1588.5463548270252,36259646,5.315782413214798,1501.7865833494818,
2020-03-02,1581.8640804157565,1645.170415892507,1340.611207113051,1490.4435881779614,1529.9293297984736,41578073,-3.687021146389291,1505.1763822999724,
2020-03-03,1451.7559963200033,1553.260069660239,1597.2872819715617,1444.9209645879964,1521.5473589757719,10817207,-3.0543003405862246,1497.5740185397487,
2020-03-04,1532.5044568707963,1514.5912945882492,1291.5405068628152,1490.4879032265387,1502.5377022033017,82749491,3.1535938473655767,1493.7094328366163,
2020-03-05,1462.342215217882,1609.0372389537408,1382.694219037896,1428.17140407596,1446.1339623435517,16269764,-4.180946320710078,1493.8713762283817,
2020-03-06,1504.013604235562,1504.166450252415,1531.0091570076288,1435.2773973012447,1435.3056064011016,9484451,0.4975588507797113,1486.4268272672703,
2020-03-09,1509.342055868656,1537.7942841411273,1318.0985302766985,1499.673554547896,1444.097241814035,71397755,4.486669780192698,1482.7115413740437,
2020-03-10,1436.9708911051055,1465.6912762684533,1442.1476851253306,1483.7850899009095,1437.2876524288508,76223517,-1.0594615474016522,1481.7124152978283,1505.254724007819
2020-03-11,1593.9169255529118,1455.0701486830915,1574.30003981071,1582.96918021362,1555.9168947133508,81273011,6.6845320786539375,1484.94811995106,1506.580540433027
2020-03-12,1555.026564672223,1642.529682935585,1622.2363430117032,1472.4787798233267,1470.025051833346,20908635,-6.97994640523466,1484.5820319035251,1506.426710362439
2020-03-13,1587.8997883128377,1617.1960241024412,1180.890414510971,1516.1176700556086,1411.5685353126792,38149943,2.9636345752648285,1489.8402990180853,1506.9010405489746
2020-03-16,1578.96547008553,1589.1948412187396,1609.6231938388219,1526.452857583906,1593.8205260281622,51856593,0.6816876903702473,1492.8109694808215,1505.6409643422055
2020-03-17,1519.579995762217,1531.790588882854,1370.663961193746,1402.6188913176668,1576.7571769926851,60211794,-8.112531327187245,1484.9133795607247,1505.0799365560943
2020-03-18,1584.3748470046235,1484.6588640141692,1242.034413564427,1532.707474403342,1585.5504566390425,69572863,9.274692070022361,1491.5024330508459,1505.3891667160942
2020-03-19,1417.698500410384,1481.2874085342173,1352.5246659310437,1435.6071933739504,1598.981564529287,4890691,-6.335212860313821,1489.9478010026319,1504.077755868035
2020-03-20,1439.196572483829,1500.048579632919,1639.0179164070123,1592.214063493891,1434.7790498438974,28050196,10.908754904737172,1495.576817241417,1505.4762201961744
2020-03-23,1409.0454577821076,1559.8453329412241,1370.9399516960782,1429.7325455506225,1479.2484037805318,88211969,-10.20475334746922,1491.689488489569,1505.9984303719036
2020-03-24,1465.0660661526529,1592.9191845400126,1280.8133856581294,1482.9248247454047,1551.6476951408183,77061279,3.7204356409398676,1486.6371735627117,1504.1684312310351
2020-03-25,1477.7354579378964,1582.0394753435462,1448.3704698741992,1417.0699336157288,1539.2041236107584,53523843,-4.440878595513576,1484.0272102998383,1500.7813567734152
2020-03-26,1454.2698063547791,1505.9867793891885,1232.0800903280062,1599.3748503691895,1430.7791812679711,17166318,12.864920243442057,1490.5264207993355,1502.5083210464422
2020-03-27,1565.7475018303858,1640.9730561326387,1141.7248304597651,1500.4390020662486,1563.1666249981236,50377283,-6.185907467539787,1488.1733584215506,1501.7304977922595
2020-03-30,1471.3506653387178,1597.5793833391538,1170.8838470508572,1519.0770034640088,1444.888114367332,66547109,1.2421698830871408,1489.605029185853,1500.4220403368306
2020-03-31,1456.1869019374763,1560.8708105022802,1170.425211426775,1413.4152954776855,1444.7635229645246,11286361,-6.955651869219204,1488.0297457303375,1497.8613917091307
2020-04-01,1508.5392166316497,1572.3441492468705,1183.546481431762,1549.9920940798356,1507.3948845786826,26356629,9.662892360025843,1491.0049552730022,1500.2510774190703
2020-04-02,1428.1848449949525,1533.920012485558,1176.3549449571756,1441.981118619117,1518.5879869683406,66246940,-6.968485573137073,1491.6954410001601,1498.7855463507854
2020-04-03,1560.4393961508079,1499.5461979002314,1452.481109641768,1579.6108578881428,1516.0172415675622,99580843,9.544489694901426,1498.9121140295051,1499.9509033230167
2020-04-06,1414.9101287359542,1521.1945357302523,1200.0340464195297,1441.0279280964014,1418.297367479551,38098210,-8.77323228690765,1495.9798327069304,1499.0749391997351
2020-04-07,1597.3773873201035,1601.5692220928738,1290.1170058281248,1438.1375441327334,1575.492172526076,28275911,-0.2005779282491904,1493.6974554185215,1496.8919131398911
2020-04-08,1554.4489538593316,1452.8786977259513,1593.2336254483066,1407.309933569619,1453.120008517741,61788718,-2.143578734098406,1484.9144930863215,1493.3006437522074
2020-04-09,1439.7431363068345,1473.2145281013832,1360.6789021445798,1494.4133890219998,1425.9029842565608,73295232,6.189358390404043,1486.0112235462552,1491.4866374810204
2020-04-10,1401.1044234247204,1459.2005284043505,1467.156756186565,1512.9682266525233,1577.7496159737955,28307970,1.2416134495868203,1485.8537513761007,1491.9426445284544
2020-04-13,1563.092285690967,1458.145760463794,1194.7759291608963,1413.1417278856704,1591.1302996459508,12050831,-6.598056522820794,1480.1881948911891,1491.7525269028047
2020-04-14,1541.3714687695235,1621.0921168022014,1205.7589603447689,1555.105523339002,1572.4255234530901,34912381,10.04597009995145,1487.812526492256,1490.9152725737354
2020-04-15,1545.8014336081974,1590.7315718760046,1122.4777389465635,1490.6577669496055,1561.9032149449756,32486345,-4.144269017257384,1485.710041119569,1489.3728355669439
2020-04-16,1554.254069337189,1544.834765817465,1192.9142846896905,1504.878053865516,1531.0483961278044,80816715,0.9539605421980957,1489.1735841441473,1490.9717459194412
2020-04-17,1414.808930346818,1469.5668321302003,1253.2246864675772,1488.1525493876456,1510.171474121828,11460589,-1.1114192565243597,1483.970508438835,1489.0514293767244
2020-04-20,1471.6931457088544,1548.3231750233665,1197.3557663522108,1480.1526121750653,1417.397351982282,54281889,-0.5375750769551324,1486.491511770057,1487.1748961719773
2020-04-21,1423.173811905026,1544.6943541561131,1148.7863935663806,1511.9280662616436,1481.6906426141397,29224900,2.1467687740580166,1487.941673845869,1487.338105268706
2020-04-22,1572.6206851751188,1484.640373982003,1166.3497291053304,1431.0480491861424,1474.5377034024627,45777380,-5.3494619803892585,1488.6405796243898,1485.5939645094488
2020-04-23,1524.6596253655116,1536.7703298475947,1353.4283224179992,1436.3856260990542,1451.9507567520652,28587589,0.3729837664044444,1480.491118410883,1484.7256662159496
2020-04-24,1466.17960497053,1529.7009468794747,1213.4835451231859,1572.3571242027035,1544.684022737717,15748245,9.466225199769074,1484.0870245177057,1487.9537621447153
2020-04-27,1412.7116700572046,1573.1700196104432,1300.3484235764415,1589.2230924267265,1499.1751470157542,33623310,1.0726550580915317,1487.5943289658417,1490.3974350266665
2020-04-28,1462.1964643431324,1577.0187301735289,1376.8794989701714,1474.6618632559505,1416.2092431815295,63740055,-7.208631042218383,1490.6566573547548,1488.6792584973932
2020-04-29,1465.0366644053495,1459.0608019544088,1479.7171557461509,1454.1489346287108,1444.0366403899623,72748934,-1.3910259116587276,1485.8644993821986,1489.743709097949
2020-04-30,1545.9212356676128,1524.9225229252943,1121.6216769126045,1528.7999086478032,1536.6517527319193,66600568,5.133653936084137,1490.205438883633,1490.9857105841406
2020-05-01,1527.5114942710427,1575.1719831428472,1539.6757193999733,1481.7468342196194,1415.22617189806,27464435,-3.0777784693748145,1485.3122377002069,1491.0279724941693
2020-05-04,1577.4425485152653,1550.6272517160176,1445.3452142199992,1405.077271132069,1570.2413828097538,6591878,-5.174268729106435,1483.51470485199,1488.979935505059
2020-05-05,1494.44298503239,1621.2979682376645,1144.9674675718795,1431.230519473238,1499.0293054027948,31341029,1.86133879456305,1483.1693536190155,1485.9251234288727
2020-05-06,1423.9188491876603,1581.738726323789,1580.4682432587274,1543.1944457694794,1496.1173154653295,69169690,7.822913553957012,1489.9635792290082,1487.4036283667986
2020-05-07,1542.648957444599,1482.586885416286,1606.4798202924972,1531.7847883820302,1518.4815569319035,2944664,-0.7393531916037976,1491.83214919701,1488.651511326854
2020-05-08,1552.1570097233794,1464.113749480086,1133.5928779201752,1405.4191985006967,1564.9361931850299,35032801,-8.249565529032898,1486.4546977894188,1485.809890304429
2020-05-11,1512.2554395138993,1578.483855641263,1252.2827064809621,1444.3944323865899,1469.5618415804386,61244226,2.7732105785570615,1488.0173330144646,1484.8889071886015
2020-05-12,1554.1934359909121,1455.3022621083244,1543.4107038861837,1446.2149593176143,1535.6032305118126,2190212,0.12604084384459924,1482.5728048133951,1484.914787083194
2020-05-13,1498.7591192728783,1567.1551162546928,1511.542829711012,1534.3785487197456,1513.146392799158,38885284,6.09616079782016,1484.7588439019023,1485.792599993058
2020-05-14,1504.5465658763987,1638.0460482849915,1201.4865606460075,1403.9421075508728,1453.4056540338843,54603422,-8.500929661569256,1479.7120465861701,1485.3080140625564
2020-05-15,1485.50820367171,1565.0948355751757,1215.1421278351906,1420.8217163969148,1575.7259972710317,21420139,1.2023009179123356,1476.3455049366335,1485.0189004444699
2020-05-18,1405.0838253488191,1527.6339852413043,1303.75965653526,1559.9832170746379,1559.4852043213857,25327191,9.794437899684215,1480.3370351816122,1486.2250936950045
2020-05-19,1421.578285398661,1578.6576436884707,1366.4876418550616,1435.7089324108667,1531.690366931685,93128003,-7.966386003614623,1476.5260784890734,1485.2635705452037
2020-05-20,1406.2858371373468,1541.6505780983034,1440.0401243416627,1530.549221570375,1570.1163458188485,4700108,6.605815915643221,1481.501137108285,1484.215171372339
2020-05-21,1527.282082252756,1559.123357863187,1302.9025017633749,1447.6365562093454,1573.4588401919605,78602806,-5.417183857436458,1482.0636836137996,1483.718326900059
2020-05-22,1462.8711962152654,1638.292961755305,1354.3940938732314,1419.888278551869,1541.6725953430068,70063054,-1.9167986286651617,1474.4402413312578,1481.7937390699842
2020-05-25,1501.7141382329405,1527.2205275601548,1511.109015973566,1448.6344381998908,1567.4026656727344,68493246,2.024536724631587,1467.410808619916,1480.2373706823041
2020-05-26,1581.5132947852185,1642.2381127647827,1120.1757615898289,1544.4533863711317,1539.4942923338567,74404906,6.614432574881213,1470.900384775675,1483.0740605833735
2020-05-27,1449.858445829775,1631.0701283912126,1238.8403193892113,1571.1392936212571,1536.02815435206,37507753,1.7278544943869711,1476.7499027253025,1483.8426969677319
2020-05-28,1482.076584607126,1489.1582269578594,1492.342272236504,1566.0439729133982,1523.722275643037,47330658,-0.3243073818181341,1478.612105938582,1486.4514325585208
2020-05-29,1551.1102277086097,1463.872260175033,1592.3637607279597,1479.436705923691,1550.5433279115282,19532053,-5.530321529132209,1478.4965995237858,1484.1958854071167
2020-06-01,1445.7596330983245,1470.1556002754853,1381.4225931636163,1533.6170273141292,1431.7210210586147,58116013,3.6622263847786884,1484.9235873328887,1486.273575042387
2020-06-02,1415.3959819657587,1453.64436513031,1392.6624168959236,1440.9968590831643,1576.1741518397857,79081711,-6.0393283708628065,1485.4119043133849,1485.435015729142
2020-06-03,1457.9502905827535,1468.8885921511858,1158.9446062368768,1458.6295460522026,1574.3687055490464,85028457,1.2236450661146536,1481.1836593275211,1486.2662079778715
2020-06-04,1432.244257450801,1586.6013546832714,1346.0768017529,1579.267163704224,1405.8494566069119,48536828,8.270613877151224,1483.5577780936308,1485.8640542445721
2020-06-05,1585.9395304685147,1464.2377296920458,1392.9394965502627,1402.6003847021473,1565.1633501129525,56537579,-11.186630296782651,1483.4168374037035,1483.9072818972904
2020-06-08,1561.6240759128834,1513.7951260587522,1233.3587769991013,1417.1017061708935,1425.773973494689,70466045,1.0338883139423771,1482.0522010929185,1481.8677759514278
2020-06-09,1526.6807513020847,1618.9750621938908,1248.0837770221594,1441.5772510292054,1467.0237708518284,89248776,1.7271551330247492,1481.820315678498,1482.4310150624585
2020-06-10,1574.2921180375436,1454.6543871471652,1307.5062897075425,1405.306440774764,1548.7016512583216,51355428,-2.516050404412673,1475.3667102812492,1479.5373019963567
2020-06-11,1560.7344153798228,1612.8936965177872,1111.0391587777494,1436.2870870179595,1432.1519792096617,47702635,2.204547374458432,1476.9839592546034,1479.4234213643338
2020-06-12,1437.3140117772073,1506.37095495468,1277.1435410707481,1516.6083121939384,1563.5934048238125,82895008,5.592282065470844,1481.7732890444545,1478.1633704504495
2020-06-15,1578.5117996979955,1473.6329655243312,1216.2964038480995,1484.2849101184995,1566.4268355915483,10956760,-2.1312953262586087,1477.9883736966476,1479.0285100908916
2020-06-16,1507.86844838313,1589.3474330728302,1280.1235436978532,1578.5343422153949,1501.4935467521673,46450911,6.349820809629514,1485.129644186874,1481.8364460525447
2020-06-17,1561.4880310328126,1575.7885693559767,1165.869172500588,1563.4887123476883,1401.2771743433668,66675221,-0.9531392168884212,1486.7766187257398,1484.9600216281062
2020-06-18,1579.2182599846988,1625.4944027054105,1589.7900044069422,1468.363470339575,1457.4076266349825,48930419,-6.084165575156342,1487.8129644322512,1484.4390232544579
2020-06-19,1463.6006949943728,1597.0142087607771,1426.4758494547268,1451.8846866862584,1523.3853836751484,18820027,-1.1222550809920184,1489.4127848389705,1483.2173524551324
2020-06-22,1422.0103849055354,1610.6961860769698,1473.5062755294693,1475.9384816334534,1596.2372356054848,23384856,1.6567290204082763,1490.7779870106488,1484.4732875300879
2020-06-23,1445.5870325083883,1506.4069145142612,1534.044181234036,1518.0589885029615,1526.3627054033336,50729738,2.853811821675145,1489.4582671172402,1483.7323568333675
2020-06-24,1485.4215577252512,1485.4879087559445,1374.1432094109814,1453.6127281645752,1451.960716212832,75914820,-4.245306725658937,1483.581938844406,1482.9914560576665
2020-06-25,1563.6029531844986,1600.1229503281716,1147.8061584480831,1524.8297815698268,1526.8011406199223,55857486,4.899314103776109,1481.5212292772276,1483.3904906117525
2020-06-26,1572.1461166512686,1611.3669478534528,1395.4085980002012,1481.8823304382481,1507.997075943171,32546436,-2.8165406821582306,1481.6435105029555,1483.2650862327648
2020-06-29,1401.3904261062382,1648.1010284001347,1422.7626149114835,1510.409436170396,1555.9690790302288,9814891,1.925058767905763,1480.4831309457688,1483.8702227126716
2020-06-30,1502.149460515513,1532.5235353822852,1509.9917108013815,1487.2253058270633,1421.3961277653916,25358148,-1.534956667254117,1482.794553282964,1483.3761675039798
2020-07-01,1483.4822006297559,1524.4036171585567,1337.4127504263238,1458.8931519083835,1552.2055805004056,2420688,-1.9050344159470822,1482.8077335757728,1483.9330695584247
2020-07-02,1444.421562094146,1605.2825921483993,1170.1691665375602,1589.6906613924314,1508.253315735222,1905808,8.965530430583701,1483.3289084601834,1486.999170264292
2020-07-03,1423.9730734667367,1518.1607080506035,1256.0767481892985,1552.7211588319522,1592.5984007717989,76918039,-2.32557839448444,1490.8349471666734,1486.6064509568773
2020-07-06,1467.5230342807256,1636.151465120713,1299.6952630192493,1428.0226351532906,1468.3744332077372,38190551,-8.030966987818156,1491.3809936157934,1483.3824418114084
2020-07-07,1588.5819407825038,1621.6825503686023,1455.2544827323807,1573.6935951795826,1526.5243786267897,98258747,10.200885927179648,1497.9868108233122,1485.3630764498812
2020-07-08,1464.640586404151,1535.7988054750037,1413.9280675679015,1497.4862396499027,1586.4056211020036,88001550,-4.84257899778664,1502.595800767069,1486.229822550305
2020-07-09,1503.7581243486732,1600.1742135582995,1295.8531992438154,1578.9104453788182,1420.5019455981358,78874891,5.437392583183387,1509.726968685112,1487.2320332849254
2020-07-10,1540.6037917790356,1600.9085748169364,1642.5833868361387,1559.971051189463,1587.4456974472903,37276570,-1.1995230156838455,1511.8951056348883,1488.7965176243222
2020-07-13,1472.7259204758589,1470.6247737671865,1433.1761506462879,1485.0427008938466,1537.5771444601626,78137948,-4.803188510356282,1511.9329951736556,1490.3958262195579
2020-07-14,1594.3564165441921,1630.5105813359132,1230.474735454797,1404.4938616640234,1413.5674118210343,12717619,-5.424008291569049,1503.230971146087,1489.8610930633733
2020-07-15,1592.4894589884223,1551.0504744895713,1155.980359941222,1453.7354718769893,1460.1927133893632,84923921,3.5060039461208614,1497.743309122552,1488.0719135855234
2020-07-16,1450.356459165073,1615.2914932215483,1184.0725265513827,1508.3268429321733,1541.6344177290564,77164525,3.7552479189833843,1499.7414777521822,1487.6027546765265
2020-07-17,1499.449701178477,1514.0099202061224,1235.2767506114794,1526.6956439652295,1413.4701202937542,53275588,1.217826303306202,1503.4820256161306,1490.028283585817
2020-07-20,1460.1756619633538,1629.10464569924,1188.3747552927557,1451.5775370866404,1516.4340920352547,87918521,-4.920306622706249,1502.26397838879,1490.1719456798182
2020-07-21,1456.9680988754935,1527.8403357468326,1202.6118632282182,1427.8712148145648,1469.1766113905915,34861500,-1.6331419897592792,1497.7545897043701,1489.805070789757
2020-07-22,1407.3773894709066,1452.1675302960596,1256.8023427816158,1566.9860473598599,1524.1831035534954,64537248,9.742813714706177,1503.4232556641343,1490.4572207625595
2020-07-23,1521.9128667959794,1631.0763952838527,1195.355477412115,1596.8804361407103,1409.1484067625026,25660098,1.9077635586620678,1507.0257883926784,1494.3159873343561
2020-07-24,1500.5358046457723,1468.2573353572268,1593.2209835445337,1505.1380364605373,1574.3073612304752,63231845,-5.745101361620608,1508.188573693793,1496.0023137356288
2020-07-27,1410.2957502499978,1513.862727518083,1144.1285601139032,1434.3358571696608,1594.6977938354794,15802852,-4.704032293102756,1504.3848947437561,1493.4893665375293
2020-07-28,1455.7292928473223,1640.012393410161,1388.48126426364,1454.4614653038739,1593.7755710571382,41155392,1.4031307962924622,1502.7467027175967,1493.8644171953895
2020-07-29,1581.6531771933307,1640.1214293875112,1325.7182548443138,1403.6781353094934,1549.930366348585,31173264,-3.4915555486216054,1499.9859518876522,1491.3269954701714
2020-07-30,1447.9123781333944,1564.6875776246573,1640.3082392997335,1582.8597613120999,1426.0172480261265,95322450,12.765150464005703,1499.6444068836356,1494.0314595722268
2020-07-31,1428.9789744182447,1576.36744243396,1161.6213961924288,1423.5502165780283,1551.6526391858044,44436333,-10.064665779488458,1493.1858597709393,1494.1046983327499
2020-08-03,1497.8905520555127,1539.689104395664,1318.820579475158,1515.3032951028508,1404.9173832917604,3140267,6.445369995122574,1497.5498927684173,1495.438075470809
2020-08-04,1597.13009082212,1508.642154339613,1633.2087383014527,1454.8110441374413,1404.4247103057994,96217011,-3.9920886571624403,1491.6057652163104,1493.6452286261356
2020-08-05,1448.4110543023,1515.7329090739831,1576.0289192416892,1510.8356005031587,1464.7220438299082,76894548,3.850985087821801,1492.2732332589733,1492.4391547637733
2020-08-06,1534.4271094811756,1584.5036912154078,1549.389639022104,1530.2840776703729,1497.7286380809333,47976337,1.287266275744181,1489.8419148735509,1491.7239568589127
2020-08-07,1552.3239230657434,1600.474905887536,1241.846554874717,1565.9483607414404,1554.0814835615586,21317066,2.3305661733971084,1490.1407803511497,1493.4541899552676
2020-08-10,1447.5275087984799,1608.3158087451698,1193.988173064536,1441.2842543521206,1536.659075321301,74745629,-7.960933419943316,1487.9528580240635,1491.6075344960275
2020-08-11,1545.643269722372,1607.9236285589109,1467.7537709584371,1402.199165731696,1489.1805412753497,61568641,-2.7118237434706427,1487.838123227447,1490.8315806289984
2020-08-12,1473.5566265438506,1468.241220609738,1611.1567940201721,1427.3771260137614,1454.7253332563332,45758328,1.7956051392262085,1486.5202059342857,1490.2065322282294
2020-08-13,1526.461166118716,1548.8840609405163,1406.2195911576614,1580.003728369621,1599.4249000315422,60744657,10.692801473013658,1490.104050206158,1490.2212635215371
2020-08-14,1526.705942152179,1461.5117520033289,1414.386979208445,1574.778015512503,1485.2362604471946,18773436,-0.3307405396131724,1492.5081687835218,1493.6648161377443
2020-08-17,1507.1549368149517,1559.905776464747,1253.9885015131563,1519.4826204340616,1490.277404865935,75743942,-3.5113136285716995,1495.9034229508927,1495.7124344230078
2020-08-18,1418.0579540108818,1538.3061002746754,1523.2211132555653,1520.1033720867306,1432.7247642383338,74144638,0.04085283005683671,1500.515030814501,1497.2829568441582
2020-08-19,1567.0604991178475,1627.54083655166,1202.8740617066378,1533.007334909251,1558.9619097499858,18244439,0.8488871914550389,1498.8160951919706,1499.8369747268482
2020-08-20,1464.156012994347,1520.1830025104157,1278.023580022334,1435.07425572469,1538.7364451562978,67084430,-6.388298147990168,1490.7257861711696,1499.8127181009827
2020-08-21,1437.303702079971,1473.413403285521,1333.9900412390293,1582.882389184992,1444.1539225577521,93429834,10.299685390541779,1494.6130038073925,1501.1381996408038
2020-08-24,1408.1550283109527,1478.598336410567,1379.1857082764502,1483.7541049784147,1416.4762091231685,86414161,-6.262517347079544,1497.0839161978301,1501.127583538002
2020-08-25,1518.1785886376483,1602.3021263434944,1233.3253528282942,1476.6277056498996,1536.0998604149427,45687883,-0.48029517186197745,1498.1922282151313,1499.0894508066922
2020-08-26,1535.5128723684566,1573.6436126632523,1163.160253606562,1503.7835410565676,1530.902242856227,4373445,1.8390441478758568,1503.1974985024851,1497.8953473808697
2020-08-27,1403.3175657855713,1470.224535224558,1435.8410233428979,1409.393193355011,1454.651905399642,63026675,-6.27685734844774,1494.5241701046307,1496.7159418411784
2020-08-28,1502.4186116598562,1466.8213612229995,1258.7468042821406,1433.2566737512159,1590.1727124500821,3284790,1.6931740914257531,1495.00949296329,1496.3433815824776
2020-08-31,1445.2991550395875,1590.193826291824,1419.6810217824368,1547.606723285274,1430.21157835618,33234205,7.978337141439806,1496.6246643724112,1497.776746415514
2020-09-01,1529.03455808189,1464.5526012728387,1184.8994934008113,1416.5597335850252,1486.4669602085203,79738835,-8.467719074136681,1494.7120988447905,1495.7467613171552
2020-09-02,1434.8732858009982,1614.3720118580713,1364.6270560201497,1520.6304218932776,1588.7231840335198,73890799,7.346720779989324,1495.2018399142962,1497.0871151917295
2020-09-03,1538.1875476204932,1591.2484454312992,1392.9241879033723,1449.0698219362641,1483.9454633852245,10063441,-4.705982395637998,1491.1411271275908,1495.5719159990579
2020-09-04,1477.3470692601074,1466.2697561283799,1128.5029452523347,1477.8591228083953,1527.705189532817,61747593,1.9867435258338784,1486.7366652309386,1495.491451846461
2020-09-07,1587.345997747347,1466.9675428170383,1285.1323530066563,1457.73874735414,1479.518879592559,60869147,-1.3614542241360827,1487.5593898810396,1494.438038070136
2020-09-08,1427.5041888291987,1647.327915700235,1173.9280723164359,1471.1345432929897,1454.843040469734,73898006,0.918943532451455,1491.0061587591042,1494.1162228194544
2020-09-09,1468.2132702100516,1524.8541591512242,1134.8562337600222,1543.8091810368492,1596.7955295919655,26436263,4.94004019382106,1496.8277615102586,1495.8145434020234
2020-09-10,1422.694704248118,1524.1284294133782,1644.4781278144699,1459.424343124635,1481.8668012630087,5090961,-5.466014773635419,1490.7987922480092,1493.209217036668
2020-09-11,1584.9387236557125,1612.5599134515005,1277.2946147360976,1513.2809280593794,1578.8198407358268,3746804,3.6902622043042843,1487.7239378753534,1492.4204124212163
2020-09-14,1575.4678706761963,1639.4497154767716,1545.4309452200491,1495.2100804398199,1445.9909211782171,747296,-1.1941502258099201,1486.5103108756412,1493.764161326947
2020-09-15,1451.588325543031,1647.2002127645742,1240.05236012007,1532.7342330725296,1442.6209408050167,51980950,2.50962410724731,1487.1418539249312,1492.9449740848058
2020-09-16,1531.996809206836,1600.6756370517883,1474.8264972231611,1587.3659478649515,1406.2268165769024,70331815,3.564330567792351,1489.859784572716,1494.7425682491066
2020-09-17,1563.444440040243,1525.251917106183,1518.1253229393276,1546.51441944205,1530.333365075177,26944511,-2.5735419408390303,1495.4317927585842,1494.0946477303714
2020-09-18,1511.0401623198925,1466.7001433397338,1427.6013073343142,1442.9880757181513,1473.7052687447522,68008965,-6.694172548436295,1488.437077085242,1491.7549882209453
2020-09-21,1505.9301156712013,1605.4293831854873,1359.366903702587,1406.236627012257,1572.8716499679274,89863925,-2.546898988586843,1484.561203186934,1490.1788667433136
2020-09-22,1448.3704581800903,1561.680849947161,1326.5125027809977,1452.452808859965,1494.6419813383113,22891342,3.2865152962130217,1483.3524583474375,1491.1380456872323
2020-09-23,1418.6205535611798,1534.8444018493954,1291.8775465986473,1519.015586140051,1593.6386855829444,22115777,4.582784161664533,1484.1140606016115,1492.4436479724939
2020-09-24,1579.4431515906654,1631.2708770189472,1611.241029336304,1410.28516269685,1437.1051031406241,23216992,-7.157953113535487,1484.1586590687034,1490.4828143677871
2020-09-25,1580.0836114326662,1472.2394964612304,1556.840674283251,1499.2732494402474,1573.7246335911223,42539798,6.309935685150925,1487.4594878531552,1489.9343664772875
2020-09-28,1526.6202914546536,1548.5250208581717,1630.764800866582,1519.3685697833778,1555.3193705583483,30655353,1.3403374168539983,1486.0475801780601,1491.290187131222
2020-09-29,1467.80595820974,1452.2707289534837,1168.3634729170496,1466.8487781633921,1554.1843689288103,75330621,-3.4566854063246555,1488.5620324069785,1492.069738398199
2020-09-30,1469.8419149225322,1543.7321283988254,1501.9771113620043,1554.1824407491645,1568.9566456233774,79029433,5.9538286349545055,1490.2396333497732,1491.813666265985
2020-10-01,1545.1911357740478,1461.2606551363674,1616.0872512515707,1421.3196506267543,1552.2047981885999,89688014,-8.54872546741463,1488.8521247842975,1488.3024505557055
2020-10-02,1579.4220519905155,1473.7635832536143,1199.678186391113,1415.0275563471619,1525.244064326283,34931079,-0.44269382167606564,1485.710546461236,1486.5002409534382
2020-10-05,1577.4172848530234,1473.505249355421,1136.5729470517276,1545.6377512407207,1426.2489755364775,79640080,9.2302227124625,1490.105496655565,1488.7262788348592
2020-10-06,1555.9751091715248,1579.8420604232126,1507.6163571095326,1499.0982632412397,1406.5052358982505,83249786,-3.0110216939333023,1491.5036826529772,1489.6190147936068
2020-10-07,1528.4063292308576,1599.2089758530847,1415.9602122489516,1537.6804792855473,1584.1695695631374,61347832,2.5736949331718995,1491.1972475654122,1492.2990616731279
2020-10-08,1416.8279929990097,1566.6737530194318,1563.0058272170495,1486.9654677207493,1523.3300629041476,8804813,-3.2981501845143923,1492.574303795218,1490.3811758013005
2020-10-09,1432.3257428189227,1642.4345096949085,1176.8748071444593,1449.2804066478213,1559.3074581952353,53476963,-2.5343602047929403,1489.37427772464,1490.8957796026966
2020-10-12,1579.7108377054158,1524.9741159047408,1537.3970215229397,1563.82046353484,1496.30447030251,87130560,7.903236417302373,1492.8047968793912,1491.8661229713364
2020-10-13,1521.285811931918,1507.1424172563723,1210.8950260262595,1559.8831757937958,1423.461637792479,29561504,-0.2517736423620187,1494.1622440154545,1493.9675656044635
2020-10-14,1401.8394103233259,1623.719825637892,1190.0107685761375,1538.9392941708854,1425.03715844051,14597054,-1.3426570622670164,1491.740911330751,1494.529639477818
2020-10-15,1420.2943085732063,1494.7191677038904,1190.3461888620461,1454.4290274459925,1537.1130574457943,11419247,-5.491462011854309,1487.1366417309482,1493.0125384733306
2020-10-16,1532.700353821611,1642.6445078881222,1548.0160961272602,1518.0461333738174,1486.0611789798925,61685037,4.374026145472221,1490.8895446137317,1492.054493925978
2020-10-19,1401.0123167692436,1452.4308949379633,1465.85847138291,1472.1947793880054,1440.1049453400674,81122004,-3.0204190095269756,1494.187452232519,1492.6727044266956
2020-10-20,1432.1616102834998,1643.975765341528,1387.6859836230155,1418.3164146653269,1498.3189093482874,46148559,-3.659730728367061,1492.480632522787,1492.995049405368
2020-10-21,1509.7467578733172,1458.6319823901151,1297.3567662679263,1583.4627150924484,1412.8417874150268,63172616,11.64382635070118,1495.702988970407,1496.1167611869419
2020-10-22,1538.3790395385386,1628.2286227396141,1582.4602974472095,1427.3637261837923,1516.3942803828797,55260409,-9.858077959198585,1496.556917144754,1493.0639611432257
2020-10-23,1530.39225190052,1555.5402218172599,1315.8448090824495,1590.0474707641606,1453.7986808870196,20817501,11.397497470061158,1501.0956282109496,1493.3693502482586
2020-10-26,1444.853861892112,1648.5929592238601,1549.1296917093673,1489.2011545915911,1559.5118201274377,6951803,-6.342346252348285,1499.5872574513603,1492.7637209314091
2020-10-27,1542.4358442695072,1464.7593129470797,1341.5241997136202,1437.0265857677239,1462.0723917847147,13145697,-3.5035272879690993,1498.0961478315771,1491.1021852050292
2020-10-28,1447.44981749936,1560.770856880264,1307.319436183699,1508.3801894756716,1491.0440298163603,48220511,4.965364205132472,1495.8060352679024,1490.6096422963574
2020-10-29,1465.0799396318534,1643.8605071238198,1354.4738821182837,1574.5891671752815,1402.32410798162,72951397,4.389409126529631,1503.4695110953285,1493.3999405253694
2020-10-30,1549.2982810236049,1554.6195688340297,1265.7578307902781,1546.4449772819123,1414.4893775589119,24201438,-1.7873989279284963,1510.0403821420664,1492.6711922873076
2020-11-02,1529.926579809443,1575.8797276270525,1511.1851590969382,1561.3122295722899,1478.498711281337,36281576,0.9613825586286762,1510.8241060586447,1494.2223547791853
2020-11-03,1569.8446820988356,1589.1497377969235,1376.4962145508634,1531.7566733421436,1495.9877669434247,97547072,-1.8929946022547162,1512.4570265636899,1495.3249341330302
2020-11-04,1531.5225784600686,1540.9082129535545,1227.7169823307495,1538.4553129035705,1520.0041096238608,2925896,0.4373174720245343,1512.495768244591,1496.01836956997
2020-11-05,1513.6617206670944,1575.5116160168127,1594.7660153010127,1569.8391303130638,1458.3325157418606,10527148,2.0399563865304504,1516.6394513742066,1499.2272883091312
2020-11-06,1418.7349535656185,1566.86286238462,1311.1401717552662,1449.9336017718372,1538.9963772253086,4976872,-7.63807744538223,1516.6721111304075,1499.5608268695435
2020-11-09,1473.5431606118866,1630.2316020981978,1398.9540736126937,1497.884992728628,1572.024479437841,19497196,3.307143920121147,1513.375337590097,1498.5663922584106
2020-11-10,1453.0404735363452,1459.0892760682916,1598.5596610305008,1444.2418883639205,1555.97019777867,32035646,-3.5812565467385093,1507.5932732186031,1499.1200353539887
2020-11-11,1448.7979286758168,1506.192637918446,1443.3308977526956,1597.5336015993294,1407.9237650696714,84707464,10.613991636059117,1510.5229885900253,1500.6580989481095
2020-11-12,1594.602110950489,1640.0822968153118,1164.2939223896003,1588.8118679373226,1496.1013894515659,66069098,-0.5459499351547437,1517.2421306145918,1503.4529398681311
2020-11-13,1478.619544933352,1628.0527567781833,1616.9076679874113,1407.8853622737013,1420.986035683635,15199203,-11.387534881553307,1511.734092059586,1502.053464657437
2020-11-16,1578.4093110354227,1541.1313505571425,1445.2394291892797,1541.1150345031376,1448.4090031725054,65344261,9.46310515042741,1515.1801048153425,1503.7209904004167
2020-11-17,1526.2277251994526,1574.0265195603074,1284.1980880613974,1585.0496634831331,1597.3325186534294,62519437,2.8508338440913494,1523.516767256233,1505.99929280422
2020-11-18,1558.9622607083297,1505.4762365962265,1176.599639964863,1436.1150690254667,1428.4991085803026,83528995,-9.396209966720159,1516.1493849528838,1503.8454105639923
2020-11-19,1500.5274186210384,1487.6242319447522,1536.7138540986628,1513.589046110526,1499.7776306902713,48819461,5.394691467002866,1520.4606509492205,1504.9287046237098
2020-11-20,1515.380776925272,1542.7396809879965,1441.0400157606823,1583.0976595176085,1523.6311468636238,2987698,4.59230420474428,1520.113160386893,1506.3250392528746
2020-11-23,1498.5035387637727,1520.6704456052105,1393.4036005869768,1406.7891957171598,1540.4929941088208,52864241,-11.136929092180726,1515.9925624431714,1504.5566215584213
2020-11-24,1439.0485975596089,1566.7312223701745,1591.6409206780268,1539.484053449368,1511.9297366973829,12517420,9.432462101371364,1521.1154358272536,1504.6916179659581
2020-11-25,1544.4904230523011,1465.546927392997,1533.728466173492,1459.4698014745102,1401.9541694838367,71240328,-5.197471957931487,1518.6699164271954,1502.1336950381492
2020-11-26,1456.1544724881712,1644.8789615332332,1183.4211838530132,1584.879239075306,1465.2922616487983,20267958,8.592807982329887,1519.1844200221967,1502.9009914308144
2020-11-27,1404.8631932862909,1647.2421488959205,1271.4471372875514,1594.2116490330736,1503.5423286769424,23010282,0.5888404446014794,1521.5727536097547,1505.925462897113
2020-11-30,1529.0944591814336,1589.632342803949,1236.6690268979562,1588.8532978226867,1417.5732998289666,2987296,-0.33611291283920375,1522.9498070222746,1509.5777963133214
2020-12-01,1435.4221358814098,1557.219273268824,1509.1704609149724,1494.8428433314928,1470.1253862418362,67184285,-5.916874428874131,1521.1041155217422,1510.4255970027518
2020-12-02,1588.0917168705828,1511.9055232572655,1118.4428391046786,1572.4085301978628,1406.6406217582733,56961493,5.188885722160785,1522.8017763864568,1511.493455883908
2020-12-03,1590.7857154005173,1612.7590039413897,1413.439326679224,1568.9098797070142,1415.7156994310042,24833272,-0.2225026399728547,1522.7553138561543,1514.6659502241114
2020-12-04,1582.9728780440896,1586.9462345107759,1519.3522771573798,1463.820094648651,1479.3846552403193,68309364,-6.698267785654332,1523.449638499995,1513.9568871282795
2020-12-07,1474.031740051089,1482.5233878689783,1582.2211002189622,1565.7830948301355,1426.5431508086122,52008238,6.965541773489448,1526.8445436050702,1514.885177629215
2020-12-08,1403.0913233057736,1632.1854368987686,1288.1449617937492,1407.4015269430986,1513.5081696523116,22471392,-10.11516655212189,1525.0025255340292,1513.6962326048088
2020-12-09,1585.663712517545,1614.5074485846337,1551.6915175696072,1519.2539756964106,1537.8929938274532,97645291,7.947444038678686,1521.0885442388833,1512.9976633037536
2020-12-10,1485.6368296634628,1639.959982658385,1160.847455325364,1446.0017674575406,1560.1173398218166,69170841,-4.8215906892915665,1513.9480392148942,1513.4913056403695
2020-12-11,1593.330963808734,1595.143901677672,1565.5487604539849,1424.1133771554557,1440.030048848962,91036006,-1.51371808767361,1514.759439958982,1513.6730220565355
2020-12-14,1592.7239954178506,1572.6830391871579,1170.1187642825903,1415.3906403258418,1433.496516451814,4132654,-0.6125029769074142,1508.473220250117,1511.068079838238
2020-12-15,1570.601891093472,1533.6486072581238,1318.508009808202,1539.257755175628,1420.91356806688,34318900,8.751443687749028,1506.183624834742,1511.8712696769255
2020-12-16,1458.8897784139172,1636.5456966708027,1538.5124511787544,1467.9749927536132,1527.2860499087274,23377458,-4.630982834572861,1507.7766210211491,1510.477159946287
2020-12-17,1477.019545720385,1623.2127779000816,1182.4545850418256,1544.9533543057523,1541.2951452973803,58331611,5.243846927374696,1509.3448364309106,1511.6369176779872
2020-12-18,1570.2273343033714,1459.043734021238,1226.088267377953,1413.0712681597884,1406.3172289651284,74187004,-8.536315078925282,1500.8435168630194,1510.9127349082264
2020-12-21,1463.3844010312555,1455.2733948994503,1497.2389126161866,1463.058067566122,1587.242449248738,48176248,3.5374577724894385,1503.6569604554675,1508.897486988852
2020-12-22,1433.8985493372186,1525.2926733756099,1496.0200951003408,1507.8982584750675,1410.3942567302945,11848768,3.064826468818116,1502.0776707067525,1507.8577886424773
2020-12-23,1511.36025249167,1612.1106661563665,1452.6311980869136,1558.1446329677926,1508.2592670602141,80820176,3.3322125156865168,1507.0114122814166,1508.2418954184157
2020-12-24,1587.2309548321562,1647.455225862989,1481.6716444569051,1463.750500586414,1541.8121038901834,62105983,-6.058111062615945,1500.9549753569722,1508.428324881224
2020-12-25,1539.2059593349945,1480.0833782207055,1398.498443841178,1525.178275287402,1574.1938247492171,29818818,4.196601447881876,1497.5033066696885,1508.5709677194955
2020-12-28,1514.012234017873,1568.826143070427,1238.489482398824,1577.1955496472374,1542.8173864264857,36691531,3.410570108601463,1496.920419260916,1510.67098312468
2020-12-29,1419.4352987541538,1526.1781713262044,1290.1327964271557,1523.1726376364609,1560.3456166139583,63094533,-3.425251359786019,1498.3369089761643,1512.7681075841028
2020-12-30,1523.001445339834,1643.9828795629205,1199.878744240784,1446.5918949507268,1467.8900385085612,46038649,-5.0277126041711195,1492.0460772138076,1510.0306911812686
2020-12-31,1598.0107700208528,1618.4237846271417,1599.6478087334956,1404.8801563113077,1562.9650227493025,41755138,-2.883448938502442,1483.8445910440223,1509.5810197838186
