Order ID,Product,Category,Quantity Ordered,Price Each,Order Date,City,Customer ID
c0999c96-9ec1-425a-adee-7ee3728d3fbb,Perfume,Beauty,5,497.97,2025-01-13 22:24:34,Port Richard,489ec240-27d1-44a5-960d-afae376cca4f
be972545-2bdf-4eca-8180-3c08ab6751d9,Tennis Racket,Sports,3,397.76,2025-01-19 02:24:45,Lake Heatherhaven,cf0e0324-7f7a-4bf1-9090-fc0e1c7111ca
9823634f-1eb0-4ca9-ba86-e72217fc07a9,Chair,Home,5,387.74,2025-01-09 14:50:25,New Daniel,f1028c32-f496-4863-8788-7a9bfd644dfb
875cb9fd-0ece-4ed9-9b3d-b4e58a401af2,Yoga Mat,Sports,2,406.39,2025-01-22 01:25:05,Wendybury,049756a6-76ae-403d-aec2-52f616a58f6e
630160fa-094d-46d4-8052-2db59ecc9a4d,Headphones,Electronics,8,498.01,2025-01-11 00:59:34,Lake Christopherfurt,6d77c6ab-0769-4174-ab74-22ce3b4681bf
f476953a-49ef-4a79-b933-b04dae225661,Jacket,Apparel,4,174.81,2025-01-23 09:07:21,West James,7dc41bdf-0ed6-47e5-8ea2-03ac5abca206
13d1480f-e970-47af-8a9b-b9ab23acaf87,Foundation,Beauty,2,291.87,2025-01-17 15:53:34,Lake Jerry,714ea16b-7e35-4a79-b726-12c9150d308f
60d4456d-eb1e-4069-992e-43679b792fb5,Sofa,Home,6,250.33,2025-01-23 13:45:29,Heatherfurt,274388bc-37dc-4595-8555-47c60c7fef63
8f689f72-308e-4d2d-86d7-ab45291fbc38,Jeans,Apparel,2,167.22,2025-01-11 06:58:57,Jenniferland,d79502cd-9b5b-4fe7-be0f-91b67d30bf4b
cd35fefc-e4be-49fb-b92d-a28cb5fbae11,Perfume,Beauty,5,75.56,2025-01-06 20:27:33,Katiemouth,58de947d-fca3-4107-83ca-68f8893d2e34
9844c2b4-19da-4a9b-95e4-cdc79e5a916a,Perfume,Beauty,9,286.87,2025-01-21 08:58:13,Jeffreyland,2c113d63-3f42-491b-9093-e78517159b15
c1981f37-c5db-4854-b2a6-280e1a34f846,Camera,Electronics,4,244.73,2025-01-17 06:26:30,Dustinside,5d08e4f8-b7aa-4fb6-814e-df2c5b5789d8
e03dbeda-5a23-427b-9e24-57f19c8eda5f,Dumbbells,Sports,4,498.59,2025-01-14 00:40:18,North Felicia,546d5283-6725-47b7-9374-b8932e3eef4f
65541a77-8440-4796-a708-0e32732a2f09,Jacket,Apparel,3,439.78,2025-01-07 17:56:18,Huntershire,67dcc409-e71a-4676-a9f3-960c4333a288
509488d6-78d1-4823-9465-7b3cff1a113b,Jacket,Apparel,8,107.16,2025-01-19 17:49:33,Lake Matthewstad,c539557f-0777-439b-b854-3dabc2f13b32
ba4dd39c-9df4-4cda-9f15-4544793a14dc,Moisturizer,Beauty,3,470.34,2025-01-18 14:04:34,South Collin,f83ae1d9-93b0-4625-a107-de092c56726d
4be63f80-3795-4e69-ae6c-4da2ff039a76,Sweater,Apparel,1,68.87,2025-01-21 04:59:25,Mcgeechester,de1e330b-9707-419e-811a-d164401df323
ba13741e-3c6a-4ad5-a6c2-ed475f378cfa,Shampoo,Beauty,3,83.37,2025-01-15 07:38:12,New Josephport,729d0d53-7e7c-4d70-985e-9c4b845fbd73
9a20d362-aa91-486d-837c-7e86192670ce,Chair,Home,5,16.1,2025-01-08 02:06:53,Tracyborough,5ca5d5f8-4e1c-41dc-a0af-d7c2e9091c2e
e0f038e5-56b2-4fd4-9278-8a3e076a70e7,Shoes,Apparel,4,121.05,2025-01-03 02:04:05,East Frederick,00ceee26-3f75-4959-8705-3509cd355e01
1c0d0862-b31b-429d-95da-2634bbfc06df,Lamp,Home,4,326.03,2025-01-08 12:08:59,Fullerberg,ccf43dea-f8f4-42a5-84b6-eea965fb7f6f
05bf1234-62e0-42a1-83d2-9316c4fc6402,Moisturizer,Beauty,1,412.26,2025-01-19 05:50:28,Lake Johnfort,88050645-224c-4caa-8c29-587dd40b2571
96f4638b-decc-4afe-aad5-5e30ef4fa19c,Lipstick,Beauty,6,8.9,2025-01-13 13:24:47,Ingramfurt,70b78152-7e18-4d50-8092-1a7192c34485
d9bbe38d-692e-4171-badc-020d9c0616ed,Sofa,Home,1,365.0,2025-01-20 12:47:04,Lake Donald,e3a463fd-eddd-49c1-878c-a28b6ef594c4
e8e00f71-69d4-4b29-83f0-c32dc628762e,Football,Sports,10,491.44,2025-01-05 13:03:25,Antonioview,f0793d85-84fa-4440-87a3-607e38495d19
28c84009-d484-40fb-9da6-2c4616d43a1d,Camera,Electronics,9,241.7,2025-01-21 04:35:24,Laurafort,91a4fb92-91a0-4ce7-9885-6468ff0e6980
fba0dfe9-486d-4647-a890-278dd8ce8e6e,Perfume,Beauty,7,256.25,2025-01-14 00:10:28,Powersport,8bf41e86-66f2-4783-92eb-cc7b9c032928
c6e44c88-f7b4-4263-8d7d-1d73e4db0353,T-shirt,Apparel,7,67.96,2025-01-04 22:42:10,Thomasfurt,619b9928-29e2-43e7-aea8-f598ac8e0419
b54a8c19-23b7-4ca5-b346-c824f40774a4,Tennis Racket,Sports,6,377.02,2025-01-21 23:18:32,Wareton,f8d468c7-ffee-4a85-9ed0-68c839592102
543119f9-dc25-4cb6-83fa-0de71bd6faf2,Table,Home,5,248.68,2025-01-13 05:29:08,Nguyenport,664f48b9-0c1d-4e37-9a93-a5296818aafe
5972a68a-9762-427a-805f-8aa6a9e55c4e,Perfume,Beauty,2,190.67,2025-01-03 21:16:20,Lydiabury,7131de3f-a43f-4d0a-9da4-50daec24084a
616fa0e5-0088-4328-8dc5-d4f9e871c73c,Sofa,Home,6,62.93,2025-01-08 22:09:39,Morganfort,bd7eebd6-344b-4a17-9e98-0d19aa9a4d75
36502d76-762c-4d1d-9781-3adfc1c5450a,Shoes,Apparel,1,120.2,2025-01-23 16:22:32,Port Travistown,4ed3d61e-cb1f-4db5-8da0-950905ac9945
6643f96f-38c3-4ef9-b482-83ca391ba202,Sofa,Home,4,486.97,2025-01-03 06:33:36,Joelbury,a36ca7d6-5183-4666-97ed-4cae36806752
1e633332-a627-487a-bfff-5f3602970c9b,Foundation,Beauty,4,413.17,2025-01-07 00:01:07,Stantonland,cdfb099b-804e-4299-b5ce-415e97f484ae
48279230-8bfc-4ec7-ac93-9dc5c2b3fd64,Basketball,Sports,8,17.77,2025-01-16 10:21:26,North Juliefurt,72c1bd02-1f5a-4c56-a271-ce1b173d2236
9450fbfa-ad29-4b9e-b946-a65c49bb78fe,Carpet,Home,8,22.11,2025-01-18 17:43:43,East David,dd13c35e-85ac-4039-8fd7-bbd03384ad7f
d6dc9f11-3a02-4c57-b1a2-96c660ee57cf,Sweater,Apparel,6,430.08,2025-01-19 04:36:16,Randolphburgh,e097243f-00a8-41e3-b058-b5063d8815c7
a6a9e859-c1a9-4a06-95c6-fb23676f06f4,Perfume,Beauty,9,444.8,2025-01-10 10:11:25,Clarkfort,b7737289-ce1f-43bf-8a61-e196be222562
c5dc7621-60e3-479a-88ed-168d5a73066f,Carpet,Home,4,318.7,2025-01-17 04:28:07,Lindaburgh,baa40137-1a50-4760-8480-65ea3ccf0e24
ca2d3b98-2784-4577-9ac9-8a4bff6dce3e,Smartphone,Electronics,3,473.76,2025-01-02 06:59:13,Jonestown,9947e9a3-6691-4d70-b63b-e982f19123ed
5f8882d2-77d7-47e8-922e-8e3c814e815e,Yoga Mat,Sports,4,320.77,2025-01-15 12:53:47,Jenniferport,1da7415f-641c-44fa-b32d-1266264891e4
97a55e06-9cc3-48d4-b3ca-c346cd2e864f,Dumbbells,Sports,2,332.72,2025-01-20 23:26:32,Port Nicole,23576424-336d-49a3-9c92-3ef0df4dce26
172353a7-0b00-408f-9cf5-1b3f97a44e38,Perfume,Beauty,4,477.11,2025-01-06 07:56:47,West Dwaynefurt,4abc69f6-5beb-45ff-bd1f-1a160e621653
5c38815f-2a82-495c-ae9b-ef7e9ea80995,Jeans,Apparel,10,408.73,2025-01-13 07:51:16,East Bobbyfurt,b0b03a5f-8a18-4e1d-8bae-301e9181f998
095522f8-73a4-4943-87f3-a9e62ea2d9e9,Lamp,Home,7,371.18,2025-01-13 13:56:41,East Thomas,38b5b798-dd7d-4bdf-ba60-9f3196270bda
08bbcbce-6b7c-4273-9f12-f7ac0694a709,Carpet,Home,7,62.8,2025-01-10 12:13:51,Port Traci,3a952514-0c21-4d10-808c-3aa1eb072f86
9e1313fe-cf88-4f19-a15b-ac64d8087350,Headphones,Electronics,6,450.04,2025-01-07 07:53:45,Noahside,3ae65dbe-0942-4b89-873f-0949b34fa394
4f4bef84-12ac-446d-92f2-705960be3e54,Moisturizer,Beauty,1,88.55,2025-01-15 13:42:29,West Veronicaside,27343431-cec1-4d0f-8ebd-3e3dc9509d3d
1acac8cc-cc03-4c45-9479-2f69a9960197,Carpet,Home,6,428.31,2025-01-12 15:19:19,Port Dana,128c940e-c641-4156-84c7-a8a10ec90912
7de7000f-1015-48db-8c98-950de2c33a8d,Jeans,Apparel,5,397.79,2025-01-04 19:23:28,East Stephanie,8ba3bf6b-71bf-4459-bac3-f01f4a9e59af
ed3ae298-6711-4863-be1a-1526468ed73c,Jacket,Apparel,1,293.28,2025-01-21 06:11:20,Jenniferstad,00e15149-7b95-442a-9080-1dc9e2dc51de
722a0f10-6cda-48e6-b948-0aac5e8f25e9,Jeans,Apparel,7,226.22,2025-01-16 06:26:28,Lake Christopher,5b20d889-fb12-4214-b7e5-5ae0bcaebbdd
93b0812f-4385-47e0-92d0-15f6c54943a9,Headphones,Electronics,5,395.23,2025-01-07 07:42:16,Kellystad,5ead66ce-2373-4ac7-8ebe-d5d23574f09c
aa3e926f-4b83-4f45-a018-25d891bed6af,Jeans,Apparel,3,96.01,2025-01-15 22:57:08,Brianbury,0eebcb31-61f6-4ae1-a18e-be29d91391a3
a934b5ab-a690-4bf0-a580-ccbcda95fb37,Headphones,Electronics,3,271.19,2025-01-03 13:29:05,New Joseph,c0bc249b-65bc-49ce-a524-ca6fbabbc265
7419f60e-2f9d-44c3-a4b8-272209178fce,Jeans,Apparel,6,23.38,2025-01-20 11:30:39,Hillbury,cbc8d936-ad08-4e00-8cd0-a9bc1b94bca0
fc168aee-bbf5-4555-9ace-bedf2ed22121,Camera,Electronics,8,477.83,2025-01-07 05:27:34,Angelaside,d5a8c439-7e0b-454a-b4c4-4acecea558a0
84bafa70-f36a-421a-8112-9c6a0e9c1529,Foundation,Beauty,1,29.14,2025-01-21 04:46:09,New Bryanshire,a036b020-bbf4-4b66-ab76-a3acbdd3af87
6fb1027d-cc63-42ff-a384-d23832657bdf,Shoes,Apparel,4,198.25,2025-01-12 10:42:11,New Patrick,23434776-4f67-43eb-aa9b-e5a9257a71ce
336d1436-8de6-442a-ad31-4977db5ec2e4,Tablet,Electronics,6,348.57,2025-01-14 15:31:58,Staceyfort,c5293b35-29b1-4c8d-b046-d71f99fbadb9
8a18027c-45b8-44f0-8e27-76e152ea5438,Lamp,Home,4,359.91,2025-01-20 13:51:13,Lake Saraville,7c028cf7-32ed-4572-b818-5b32fedac929
5e505d93-de85-4293-992b-f9e555a11742,Foundation,Beauty,9,165.63,2025-01-14 07:33:32,Johnhaven,c3347636-864c-4441-8cc2-ccc109ff9e97
7d151c86-63d3-4db4-8239-ec336636b11d,Lipstick,Beauty,7,140.3,2025-01-06 09:20:31,Paynemouth,4e6e0a0e-9e9f-4006-bc9d-1bfe7caa503e
d40c27d5-99ac-4fca-8a09-1a71a45c2f48,Headphones,Electronics,7,384.52,2025-01-02 16:21:21,New Davidland,b3ff8d57-03d3-44ac-81d5-25ee6a7c9510
96a101ba-30ea-473f-bfad-622ab6ae6a76,Basketball,Sports,9,413.19,2025-01-04 07:10:00,Port Rachel,860f21b4-e7d2-4d66-989f-8854a6ae4078
5b3dcfc3-ec0a-45bb-adf4-ab0bffacf945,Perfume,Beauty,6,45.03,2025-01-12 13:44:31,West Christinaburgh,4f957853-c6f8-4cc0-9c15-9cfdde79d8c3
5116fbba-7dc7-4627-a8e0-95b0d405a61f,Lamp,Home,7,301.34,2025-01-02 16:02:45,Lake Robyn,de5259f3-7bdd-4e39-b9d6-9a71ce49c814
66fdcb81-bb31-4769-9563-0d81d3ed0fdd,Lamp,Home,10,95.92,2025-01-20 20:16:19,Oliverland,c22defc8-246e-45c7-b9b4-513cfd2e3834
a3f2d9a4-2ab0-4078-bc1a-9148f8e24cfe,Sofa,Home,8,98.21,2025-01-03 14:13:05,Conradville,e1dae6d4-bb89-4b62-8787-ab1262cdd284
67c20c54-dd01-4574-bd9c-ab98c328f45d,Chair,Home,8,25.29,2025-01-01 18:25:52,South Amandashire,29e678ea-3b86-49d4-aef1-85f09ccdaec0
fd7c2c7d-b46c-44a5-8891-f2421e8fd84c,Moisturizer,Beauty,4,14.41,2025-01-07 17:53:18,West Charlesland,44233d96-cb75-4ac4-b0e3-f40569a117a6
f048ace7-a23e-4b9f-b17c-66948595b9e2,Foundation,Beauty,6,247.23,2025-01-13 18:00:10,Port Sylviamouth,fa8cdef5-a0e1-4134-a9ce-db1c1deb9d20
2928924e-063d-4f77-87cf-66a2462bd514,Football,Sports,9,252.37,2025-01-02 19:13:55,Lake Rebecca,68d2429b-1a63-415c-a9d0-55783fa4835e
3ca45872-d284-4aae-bd1f-1affba56a18e,Yoga Mat,Sports,3,150.68,2025-01-16 08:21:20,Benjaminville,d4ea07c3-2a12-4a0d-89c8-d9cc318b29b5
0686a090-a47b-495d-b5fa-de454e480f8e,Jacket,Apparel,7,118.0,2025-01-03 02:16:35,Smithburgh,d74e73c4-1079-4f36-b9c1-b30f79a171d4
9ffc337e-d407-487d-b48f-9825d834b241,Lipstick,Beauty,2,325.46,2025-01-11 01:19:50,Paynechester,035108e2-af70-416d-a50b-9ac69988e1d8
320a7f97-cd61-49f4-af57-4884e1865aab,Moisturizer,Beauty,3,452.13,2025-01-01 16:10:32,New Michael,4792f612-6681-4b79-984a-d24354e62632
7e3cedd3-bf4c-4917-ba6e-2ca40b2077f3,Moisturizer,Beauty,7,361.63,2025-01-12 20:52:50,South Aaronchester,1b6fe716-5579-465b-b16e-fa0adf7516e0
16e9e99d-3a1c-44a3-a985-4ae20ac758ee,Basketball,Sports,4,317.46,2025-01-13 04:47:39,Wallaceton,d8c5a138-2463-43a1-a1d7-7e4f91ce33ef
125375dc-eabf-4b77-86a0-0c26b6783412,Shampoo,Beauty,4,330.35,2025-01-10 10:11:07,West Timothyport,7d4ec6f9-b61a-4ac7-bae7-95cc7536083b
dec02a35-a9b8-4397-a1cd-e0f7c7a245bc,Tennis Racket,Sports,1,487.06,2025-01-10 09:03:15,West Robin,0a4ad13a-54dc-4824-b1fe-e05286d05b8c
2f0b489e-79eb-4c3e-b127-02b7ea14aca2,Camera,Electronics,1,429.85,2025-01-20 21:28:31,Lake Randy,3beba847-e1f0-44ea-9595-cd21ac01490a
c635ca63-855d-4680-90b7-9bcd9eeed5ff,Chair,Home,6,103.47,2025-01-11 22:42:04,North Joshua,d7a933b0-1b26-48b3-aa9d-903a5c6ee0b5
9529f486-b235-401b-ba94-a11d4c92ea22,Table,Home,8,278.13,2025-01-18 04:34:55,New Ericstad,45b4e272-a2e4-45b5-8e78-8b36eb29fb81
91740bf0-b6a2-4ff9-b00a-50967cb70e0d,Shoes,Apparel,5,66.46,2025-01-21 10:08:36,Ryanmouth,8c239808-37fd-40a5-81d4-e76170f67da3
25196635-2cda-4795-a5ac-fd3fbe511f30,Basketball,Sports,7,72.86,2025-01-02 10:00:58,East Hollychester,7b5bdd4f-acb1-40ad-8783-f5e2b438b27b
2ca37cdc-7104-49fd-81f0-f12fb6ef6893,Smartphone,Electronics,2,144.07,2025-01-03 14:06:23,East Kellie,dbbdfb53-d8f8-4913-bf03-10aff8a24063
5210504f-9cde-4888-a379-5aaff6235e55,Yoga Mat,Sports,3,160.22,2025-01-19 09:08:06,Fieldsview,1499ca9d-af5b-42a6-95a0-4be3b1cfbf74
c0c2af2f-6ccd-4f00-a83e-1c4399107b50,Tennis Racket,Sports,8,487.53,2025-01-05 12:03:12,North Jaredchester,b5277540-cd5b-4dbf-b8b3-2e2f7ad25891
7a002415-cb99-486b-a89e-753a0cfe8c17,Sweater,Apparel,8,185.6,2025-01-23 16:56:42,Tylertown,83f72fec-1c8d-4e77-be38-2ba1c6afb282
6b907510-f113-479a-90c1-30af751e896c,Chair,Home,5,281.57,2025-01-08 12:22:23,North Heidi,9cdb9b1b-01ff-4fa5-a48e-8179c64607c0
525e7f46-bb03-4641-be79-b5f554359501,Table,Home,10,306.92,2025-01-08 14:26:29,West Matthewchester,24631db3-0453-47f1-aa36-ed047bd8ac28
84ac2fe9-15bb-4e97-b23a-99b055e67247,Yoga Mat,Sports,4,259.81,2025-01-22 15:20:17,Hansonside,bb5d98c3-6272-4be3-a10f-034269bfb1d6
284ef31e-61e2-426b-8b5c-21d255a293cc,Table,Home,8,328.37,2025-01-13 06:31:34,South Benjaminchester,bb7a2cbf-e924-4004-b3bf-9105e7c4f542
238e3897-c524-4b05-8a12-c7a5058d41fe,Moisturizer,Beauty,3,402.11,2025-01-15 21:33:14,Pollardberg,6593f405-d5f7-4d7d-8911-4726387bf3e2
620274d7-e7b5-48cb-852a-065506a1198c,Lipstick,Beauty,7,423.42,2025-01-08 17:00:28,Lake Deniseton,6f82bb7f-d5c4-4abd-a227-9f12d697c317
65ab8c77-c934-4517-864b-2091b4912b74,Lipstick,Beauty,1,320.49,2025-01-17 22:17:23,East Jeffrey,a0dd3827-ebbf-403c-b9f4-72060a316d32
b8e71e72-a2df-46fd-a2e4-496753af457c,Sweater,Apparel,8,120.32,2025-01-01 06:20:38,Jacobchester,4228f2c4-bf75-48d1-9d02-ef88eeabfd1d
8332437a-0c3a-4ef9-94df-fac9ab7fb5f0,Tennis Racket,Sports,6,163.98,2025-01-16 05:07:11,South Jessica,8aaf36cb-0b93-4b10-8eb6-e191d72eb1ef
250e719c-203b-4a88-bdb2-07d73a7a8b60,Camera,Electronics,2,329.76,2025-01-09 04:06:44,Richardsonstad,5a4164b8-df58-40b6-bb6b-5360328cc9c6
2499c2b2-706b-42f8-896a-c4657b674796,Perfume,Beauty,8,134.85,2025-01-15 07:02:33,East Catherineshire,6a569acb-e9fb-41d0-8e25-718b896f6ef0
9fdf7d62-de00-4b1c-96dd-57487eebeb9a,Shoes,Apparel,10,348.31,2025-01-18 00:53:13,Rushtown,c59557fc-b866-4469-8ec7-e0e15d15e563
e2e6b641-720c-4ddb-b02e-69b38af84561,Basketball,Sports,1,100.92,2025-01-10 15:25:44,Port Fred,a8b2f9fe-ce97-4e69-9679-282a10d2fd7e
6cd0e0cd-afa4-4647-8c83-d3106b173a24,Shoes,Apparel,8,204.44,2025-01-06 22:55:15,Greghaven,4552c7c1-da22-492b-ac54-a375a845c0c6
de8bbe8d-4b32-48d3-8886-f25c159da6c2,Chair,Home,1,151.93,2025-01-08 14:18:46,South Janet,2ad2568e-4b6f-409a-b77b-d436308f607a
022ea59c-1670-4afa-b820-0f43ff9f745a,Chair,Home,6,262.28,2025-01-15 09:15:23,Jonesfort,1d64bafc-2f1c-4b99-bab6-4ff615dd1211
21b9dfc5-8930-4dff-a251-27190e7a8b8c,Sofa,Home,9,446.52,2025-01-05 08:07:17,South Brentmouth,59a9ffc9-19fb-45f4-ba08-ad3c61650bce
28c026d0-0abd-493e-93a2-84362a3e0b10,Headphones,Electronics,2,496.73,2025-01-02 17:59:53,New Nathan,32245853-87c6-41b2-9bb5-0a342c33e279
387f84ef-8a1f-48e7-b950-90af3b4decd1,Carpet,Home,1,258.08,2025-01-04 22:05:58,Amandaside,0edd7783-ab88-420f-bb77-334fe709e21a
1623ea09-1990-43dc-9144-fe64b0f7533d,Foundation,Beauty,2,365.11,2025-01-12 02:41:19,Christianport,4fffa865-ebbc-4840-b3fe-60a180af26cc
b6758798-aff1-42e6-8c78-f9bb8faa00dc,Jacket,Apparel,6,431.12,2025-01-10 07:07:10,Danielhaven,427cd632-b24f-4a22-bc84-ff1ccd408d8f
ab22f465-a757-4fb8-8f8d-704320522380,Headphones,Electronics,9,445.33,2025-01-05 09:53:41,Lake Sierra,f3c77949-c66e-4817-a0f7-d787765d079e
7a849e2d-88fc-4b2f-9342-bd8e32a6b321,Moisturizer,Beauty,3,231.69,2025-01-22 03:28:29,Mcknightton,d0762bf0-d6f5-4fc8-9a9b-e8af1cf3867c
1dbdbdbe-9cc2-41a8-841b-119a522def4c,Tennis Racket,Sports,9,399.64,2025-01-11 21:40:49,Lake Gina,3e1312c2-bcc2-4421-8b10-c96dd941d016
e1f298ec-da13-470e-ab98-c28c71541bf4,Smartphone,Electronics,6,234.45,2025-01-08 02:27:52,South Brandonberg,c8fe9d91-d99d-43c9-a733-1d8ffc3f8aa5
e897984f-24d3-4e19-958a-29a7d829b15b,Tablet,Electronics,10,217.49,2025-01-14 16:24:30,Kylebury,3f0e3c78-0b30-4d70-b9ff-96507521266d
e0541360-a172-4be3-b841-e3210826f677,T-shirt,Apparel,8,410.4,2025-01-13 12:05:09,Elizabethside,16480858-57fb-4066-9ad2-ae681907a37b
bb015d82-1b5b-4ad2-a0c2-9461026e1fad,Headphones,Electronics,2,213.24,2025-01-15 23:01:12,New Ashleychester,95fa2089-b0a6-4447-a5c8-f001aafcbac9
802bb96a-4592-493d-8c85-93bf975cf816,Laptop,Electronics,9,376.6,2025-01-10 13:29:25,Lake Sharonbury,86c1b47a-bb42-4710-b4e2-8722d49d331d
79b1bd7e-1f7d-4b53-a2e8-2f79e1e6b79d,T-shirt,Apparel,3,228.52,2025-01-05 08:59:55,East Jonathan,8aa96b2d-86b8-4be4-9a61-3a2ff79a3c72
0d7435ed-ec29-4ec3-8d6f-f543e4ea3e70,Lipstick,Beauty,9,25.03,2025-01-15 03:07:50,Robinsontown,e8dd212d-ccc9-425b-82bc-215020659e63
49952fab-043d-449b-a90d-25db4f65f1e1,Table,Home,5,11.16,2025-01-02 17:45:46,Lake Michaela,afeece62-a5e8-438b-9244-73002e39a4e6
a5f91d35-6bec-4693-8a29-f3881a5c466c,Football,Sports,4,467.29,2025-01-07 06:43:56,Wheelershire,689f4d07-14f0-4b71-b9df-92a3463f8e42
7995f387-cba4-4912-ac26-82a94271be0b,Dumbbells,Sports,2,459.18,2025-01-08 18:57:41,Cochranside,571f482e-ae6b-435b-bc06-1e9074e4d647
6cf3fcdc-62c0-40a1-9a38-b04435d54318,Lamp,Home,5,311.52,2025-01-10 18:01:12,North Chelsey,0779d437-1623-4198-8e89-950e64b73cd6
16f1b02f-166b-4ef1-9dfd-8bc18508cabd,Headphones,Electronics,6,425.78,2025-01-11 17:37:55,East Erika,89198b31-b7dc-406f-8e15-d271b1f25bc2
012c0190-0371-41e0-810a-3c3474a9a5e9,Yoga Mat,Sports,8,267.07,2025-01-08 00:47:15,Veronicashire,9b9a8ad0-5572-4356-84e7-c1c484725b50
554244c3-ab54-4f50-9f83-925231a47747,Lamp,Home,2,325.19,2025-01-13 11:50:28,North Lisa,c4ce59c8-f2ef-473a-95f0-1da21902b869
d70a630d-eaa6-43be-8bfe-9374034eb7e6,Tablet,Electronics,6,52.87,2025-01-17 02:10:28,Jeremyborough,0b748d0c-3f67-407f-9bed-eeb986afc98e
15774eea-c13e-4176-a393-7c24fbf671be,Chair,Home,1,431.3,2025-01-19 03:25:21,Mcintoshton,92a98181-3013-4e0f-b2b9-fb00833866bb
c0b7964c-0c50-4619-b451-19b6fcaa38cf,Tennis Racket,Sports,7,409.46,2025-01-06 05:34:15,East Tyler,ba20639a-e9f8-4971-8bf4-eb9ec2916e64
9682b7a6-f902-487d-ad62-6a5e80bd4950,Smartphone,Electronics,3,236.22,2025-01-11 04:39:24,Port Brendaton,c61f93fa-5f28-43e9-91bd-28dcda4d9398
68bc390b-c5d8-422d-b8e1-62207ee665c2,Lamp,Home,1,489.39,2025-01-08 03:04:54,North Maxwellside,9ea3c37f-711a-4e54-aed2-b11a2c31d9ae
f75239ab-f21e-45a2-90b4-8ea1a2d4e632,Football,Sports,10,264.79,2025-01-13 23:41:16,West Maria,3766df69-79e9-4aa4-ad3e-4198a17fe9bb
9f19ce11-4215-47ce-8e1d-0c3e90f09f3f,Sweater,Apparel,8,107.76,2025-01-06 06:21:02,South Samuel,3daccbde-9115-45e2-a2de-ddeff6918b3e
eb6e282a-0cde-48c4-9e9c-8675149d3b58,Shampoo,Beauty,8,146.65,2025-01-14 20:33:02,North Brandon,01e2adfd-de58-474f-9b6f-ae1cbce58e46
e4264b61-e4ea-452f-819f-6357a5dd1992,Headphones,Electronics,5,400.96,2025-01-15 09:21:00,Lake Brooketon,15b1b1ca-9da0-494d-8bc4-4671d1f6e7a0
7689dba7-5b0a-431b-a035-0ee243b39578,Jeans,Apparel,6,97.19,2025-01-18 03:26:43,Port Paulaville,b23f19dd-98e3-4a10-9016-94bc408b9c4b
1ed74651-1ddd-4ee4-9617-a160346fa27c,Basketball,Sports,1,106.99,2025-01-09 00:51:08,East Justin,67279c82-811b-4cc9-ab03-543cc2c7f647
c1a92da1-ccca-455c-a6ae-ed203706a760,Camera,Electronics,3,397.66,2025-01-11 15:11:22,Snyderburgh,aff3f22c-a0a0-447e-bd14-dff70881fcc5
9779acb0-f365-42bb-975f-35db65c1e045,Foundation,Beauty,1,358.37,2025-01-12 10:19:42,New Craig,c0a35b8f-5423-465a-89bd-5f648a81bf57
6d1806bd-1e98-482d-952e-b96d81ce1335,Shampoo,Beauty,7,31.98,2025-01-03 13:58:29,Lake Jasonmouth,9109e106-a107-43f6-926e-2a9a0e7aa872
d4ec0ba7-d174-4a6c-ae4c-a0ddb16ae8bd,Jeans,Apparel,9,240.59,2025-01-08 05:46:08,South Shellychester,a078ccb7-7154-4c08-8a04-ee6e5dd9d950
6b71c9d8-6aeb-41b6-8f7f-5b51046d647b,Headphones,Electronics,3,175.87,2025-01-05 02:36:07,Bryanshire,818bb925-3077-4302-b680-5739af02908b
f93e101f-2a2a-4bb9-a8a6-42a147f78b60,Moisturizer,Beauty,8,75.34,2025-01-10 09:59:08,Hesterstad,246658f9-e48a-46e9-b087-b44857e84194
9eeaa940-734f-4d12-83ee-a8124aeda586,Shoes,Apparel,4,355.73,2025-01-08 16:04:43,Port Adam,a67c5f07-3ec7-4875-9b63-8d9e351b2ffc
88fc22cb-bc58-4f33-8c9d-c0a932de83dd,Smartphone,Electronics,6,172.37,2025-01-03 06:01:35,East Bradley,b974a9dc-13d3-42a5-b640-88f7287346ff
8c15164c-b2f5-4aa7-ae4e-7875c86285dc,Sweater,Apparel,8,267.04,2025-01-02 23:42:38,Petersonfurt,7617264c-f069-4f9a-8971-345a2c8c1a69
b8f7124c-a025-4c59-94f1-1ca1c343dcc4,Carpet,Home,6,166.95,2025-01-17 04:36:00,North Tammie,35301518-9ee4-4c72-acf9-436ab98b3583
8f5a4258-a6af-4398-83c6-31dfe58fceed,Smartphone,Electronics,2,144.23,2025-01-20 16:58:20,Doyleshire,7a7553ba-f518-4cd9-a87b-b9fa892a4663
ad8c88cc-d158-4a58-a010-d08eecb72e60,Jeans,Apparel,3,228.79,2025-01-17 06:17:51,Lopezberg,f05d387c-7832-4ff1-9db7-ff8b684f42a1
29452409-d29b-47f2-a883-8eff4b46cf49,Jacket,Apparel,9,78.29,2025-01-16 19:30:00,Anthonyfurt,3849ba0b-95b1-48a5-bb1e-df1329b9b38a
c9095a6e-ee23-4c13-99a0-09d560041dab,Football,Sports,1,331.02,2025-01-24 05:23:37,Harrisborough,b042a038-60c9-44a0-9f5f-0bb6fcf649fa
3b9c7f8b-1b03-49da-99eb-72e2cdec1728,Yoga Mat,Sports,6,438.43,2025-01-02 09:38:58,Lake Karenbury,c3c8f68f-5652-4682-965c-50af6c0c18e8
5944c3e2-f1c2-4d40-9dc0-0e2f138216a2,Yoga Mat,Sports,8,264.68,2025-01-11 11:05:36,Griffithchester,4237bb9c-6288-4f48-b49d-3718b8079cd1
0cb13b1e-145c-41ed-9cc6-6b7d134cb830,Shampoo,Beauty,6,91.42,2025-01-11 10:38:48,Antonioville,2f9aec04-01ac-4db5-9bab-bcdc89f1bbbd
f045bedb-3615-48b9-9279-755b96021eea,Yoga Mat,Sports,8,266.95,2025-01-14 18:46:33,South Sandra,43dd3c3c-6db3-44ee-9d73-175cd3905f54
d57d0c2f-5130-4480-974b-3a65894cb410,Headphones,Electronics,1,358.82,2025-01-18 17:00:58,East Danielle,eff3ac69-413d-4054-990d-7002a54a498d
6e0a0c50-0b51-42ea-96bb-17ce4ffa08e6,Lamp,Home,9,365.07,2025-01-04 08:57:59,West Mark,1204f1ba-c434-42c6-93cb-537314a7a3af
ed6a70bb-0a1a-4ac7-be5a-e2e2f279268a,Camera,Electronics,9,305.91,2025-01-01 23:22:35,Smithtown,2c38d0b7-b3cf-4c55-8f67-a1c3850b5918
95b0468b-7112-45e5-971b-822ef4f34341,Laptop,Electronics,10,278.93,2025-01-24 08:41:19,Robinhaven,4d2bc6ba-85e7-4cb9-b35f-f282258d6bb5
0243e734-c96e-4fd5-9e58-a7af16b76b71,Tablet,Electronics,2,104.72,2025-01-16 17:32:14,West Christophertown,4309ca47-383a-4182-bdae-421bc5aa70d2
ae83222c-474b-443e-958b-da68da57738a,Sofa,Home,9,362.12,2025-01-12 22:36:42,Andrewmouth,0be80fbb-95a5-4064-8ef9-c68b3be1474f
78bfd51c-0670-4c61-a689-ee910b400b98,Chair,Home,1,390.25,2025-01-01 05:32:29,Englishside,0759a387-dad9-45c7-b007-44dacedf860c
8e401780-63c5-4230-a62b-44e1f24e72ce,Basketball,Sports,10,138.36,2025-01-18 20:11:46,Lake Philipmouth,eca2022d-27df-4c44-8efd-b4066bae884a
e5236ec7-76f7-4f3b-b715-cd70723f87b3,Tablet,Electronics,5,298.83,2025-01-22 19:16:32,South Carolynview,af6a7c6c-3331-43a2-b727-439812e57ff6
3f061516-438c-4264-a53a-a73bb8d4cc37,Jacket,Apparel,7,420.49,2025-01-05 08:33:25,Taylorland,47f97e7d-94ef-49b0-805e-df4f50a0b081
df61c712-58e3-44cf-8497-f3ed1dc4978a,Dumbbells,Sports,2,189.89,2025-01-08 18:57:47,Arthurbury,2e3f9d11-1b14-4a9c-a5cb-8cb2c1c03416
a6c4f0c9-f8e3-42fd-91c3-598672206bb0,Jeans,Apparel,2,435.95,2025-01-13 19:07:12,Davidstad,0856c7c8-ddde-415f-b31a-ae739388e869
d7c80d4f-76d7-4db5-9d77-1387cd9c43ac,Jacket,Apparel,6,81.1,2025-01-22 12:34:16,Coopermouth,068e802e-bbb1-4a0d-b2f9-ce959bc8a937
4040935c-8bc2-4b3b-8073-870e73d189e7,Football,Sports,9,249.7,2025-01-03 12:32:06,New Eric,2e0a6474-3454-4b89-be0c-19656b4c8c93
54e64382-803a-4b7a-86a9-b1c8c6a93b5b,Basketball,Sports,7,498.91,2025-01-01 23:39:01,Port Sarahton,9ea1355a-00b2-4468-8723-8319156c3459
797ae2ce-7055-4ec8-81be-bba59f5aee9e,T-shirt,Apparel,3,202.75,2025-01-21 03:52:58,Keithport,a4501596-cdc2-4721-aa14-85bb44a1d217
c0c5ebd6-94f6-4cb8-8fa6-355d32b39780,Shoes,Apparel,10,89.72,2025-01-23 14:07:20,Kimhaven,196b4d03-005b-42fa-a4c1-25baec28f86c
4ab4011d-ddfc-449c-98c6-111ea00dbcc6,Foundation,Beauty,6,391.6,2025-01-19 02:10:01,Billhaven,e77f7e7a-7ed6-4186-b55b-79513b6ba52d
3966982c-a639-4c2f-8e4f-d5a061acba7f,Jacket,Apparel,7,235.32,2025-01-22 20:05:56,North Jessicafurt,bd066713-05f4-46f8-9ce7-80b499a4bf54
3676c398-156e-40cf-b793-a1717817e7e9,Jeans,Apparel,7,198.26,2025-01-21 11:41:21,Riverafort,91c39f0f-ea45-48f6-a4fa-47245a9dc5ff
3550f920-b030-4623-9e05-6248142b2f08,Tennis Racket,Sports,10,228.9,2025-01-13 18:41:48,New Benjamin,3cdc6b1c-51bb-4791-9468-aca96a126a48
cecfbe6a-98b0-48cc-85be-18e47ed531cf,T-shirt,Apparel,4,395.11,2025-01-06 15:16:19,New Kathryn,22f8213e-b43d-4ba5-9c59-2db8e138301f
4ccdcde0-7c2a-4a2a-a80b-e4b8359b9b0f,Shampoo,Beauty,3,15.84,2025-01-18 18:22:57,Doylefurt,d8c4f851-7421-4ed6-b512-9c3d739a808e
6b23fd29-90bb-45b0-ab6b-05422289c4c2,Smartphone,Electronics,5,45.12,2025-01-11 23:19:30,West Matthewton,c70bfe04-8c49-4eab-a5a3-98242fe460c9
2b402e97-1489-441a-a9f3-2c9f56b881da,Sweater,Apparel,8,332.61,2025-01-07 15:45:23,South Mollybury,24cc50f5-51cf-47db-b2b1-e771b1d72729
813b862d-724f-477b-b0d5-784b56d5fa1d,Dumbbells,Sports,5,398.35,2025-01-04 12:16:07,Aaronport,9507c0e8-1361-4017-ad62-50c8d887920f
2a01dcf4-7259-4a1f-bdda-cd4260746870,Tablet,Electronics,4,73.42,2025-01-12 04:49:15,Lauraton,edfea340-5dff-4655-8579-5e34658d6710
39c9c9fc-e6ef-4935-8cb7-5c50dcd5e397,Carpet,Home,6,119.31,2025-01-19 01:06:31,Patriciatown,ba21fa70-43ac-4d8e-b469-440b187a9a53
f29c293d-31b7-4170-8a7b-f997299d5924,Tennis Racket,Sports,10,192.95,2025-01-16 00:59:35,New Caleb,783bbbb1-da41-477c-b55f-7e2598d00d3a
0b6a9d14-6205-46cd-9632-a445b494a690,Lamp,Home,6,299.09,2025-01-13 14:21:48,Bellborough,f409e089-a4dc-47f2-9061-f23c35feb727
5dc0838e-d9ff-4888-bcdb-cd1b2af32121,Sofa,Home,3,429.37,2025-01-19 02:45:43,Port Jessica,a038d504-a387-439d-bd16-7d21605438d4
e375d296-58b7-4d14-8b4d-969e0f6a7e54,Laptop,Electronics,2,241.6,2025-01-08 16:53:56,New Tara,1b518c63-fdc5-4dad-a5b3-e52c02619a4f
1dd52ea0-48e0-4d61-b66d-479af6ed90f1,Shoes,Apparel,8,245.25,2025-01-09 01:06:12,Lake Rachelfurt,65fd928a-ed74-4461-a505-b6490d61ff1d
8b59f55d-416f-42db-a5b5-f674a8ab6ed4,Tablet,Electronics,6,335.29,2025-01-21 03:30:59,South Wyatt,5e477265-5d90-4585-8ded-ae1da2533319
23a98067-fc8a-4d9c-9548-903d54be234b,T-shirt,Apparel,2,459.31,2025-01-13 10:36:51,Danielberg,6b2dbd90-09ef-4fd0-83e7-e19503691be9
1c5eb9de-a49a-46d5-a6d4-09747dbfb7c7,Jacket,Apparel,4,352.78,2025-01-15 06:22:44,Ryanport,703bebff-58f1-4fd9-a36e-0e0afadd2cc0
d053b39c-2702-4754-9741-c9578b4e1390,Shoes,Apparel,5,300.17,2025-01-15 18:17:09,Michellehaven,e1fb0885-167c-4af2-9073-bc9e89da9a2d
e922c800-75a4-4c78-b2ae-fc65fb8ff2da,Table,Home,4,406.14,2025-01-21 23:03:51,Matthewberg,33333029-5a3d-496c-aa46-36488022bef8
245b2d5c-0680-4e3f-871d-2c0ef4abf676,Sofa,Home,3,135.94,2025-01-02 12:55:25,East Seth,cbd0b266-e149-4e04-8aa3-facf38a7ec7b
40e51643-e976-4273-a765-e4be201afa32,Tennis Racket,Sports,10,287.53,2025-01-03 05:47:02,Lake Austinhaven,a4223e69-829c-400f-8637-e28cc3841717
c33e2147-2f47-4214-879c-8fa0275eeb54,Foundation,Beauty,1,445.66,2025-01-11 09:02:20,Nelsonchester,96815653-ec96-4c1e-b43f-6181b955a339
a3f6d111-1593-4863-baa9-7230e6686f6b,Headphones,Electronics,3,308.03,2025-01-11 01:52:19,Tiffanyburgh,045b74c3-f58c-48d0-a77d-c8c94a13df78
f8cdefc7-42bb-4a1d-ae6d-d5772aba1548,Dumbbells,Sports,10,459.6,2025-01-18 14:36:56,Jamesview,cb9dcd10-a6a4-4eb8-bf69-e1ebb79525b0
24b3f2c7-23ca-4670-a55c-2de95ab0c38a,Tennis Racket,Sports,4,274.29,2025-01-23 10:06:42,Glassburgh,846d7800-a7ed-4834-8ae9-0dc0efcd37eb
3b65d857-29cd-4e4b-afb9-c62e048075e9,Moisturizer,Beauty,4,361.95,2025-01-20 03:35:42,Kimville,01901470-78c7-420c-9981-a9e97c89923b
ee98313f-5814-461f-9b5c-9da61f734139,Basketball,Sports,8,105.91,2025-01-13 05:22:25,Port Markside,3b9b08e7-6aff-4af3-a124-df8feed39faf
681ce349-ed4e-4c1c-9711-f09af344e9df,Chair,Home,3,86.11,2025-01-04 06:07:21,Gregorytown,99a7abdb-187b-4504-b090-26654dee5242
20a8aa6d-e5cf-4502-ab1b-97eb9a5d6342,Carpet,Home,8,208.02,2025-01-04 04:51:16,New Robertfort,98fd75d3-8aaa-4b27-98c1-0aa74e782f51
a6e8f2f6-66cb-48df-970e-be0d2b3ba3f4,Sofa,Home,1,118.71,2025-01-09 05:14:30,East Cassandraberg,7eccfade-0a6a-48ca-9db5-14f25fede8c0
90f70345-6ccd-4c1b-8a5a-ff90192d1e5b,T-shirt,Apparel,8,137.28,2025-01-12 08:11:02,Johnsonburgh,e691d29a-20b4-4c3a-b6cd-6d9c69317eed
6c81c6a7-a234-49ac-b989-c269f6023afe,Sweater,Apparel,9,106.86,2025-01-15 14:10:59,Port Cynthia,dd8655b7-19d1-4b0c-8a66-bdfa885a3e2a
73163a44-c6c5-42b8-9b26-4a50c85702de,Football,Sports,1,327.42,2025-01-02 06:06:49,Port Phillipmouth,fc4f3eba-1c8f-4386-b5b3-cb927f82d4c0
121bea7b-593d-4e2a-8865-297397774401,Perfume,Beauty,8,305.46,2025-01-22 10:25:39,Valdezberg,c4fa23a1-088a-4357-aa30-c5954b2c1ba2
e7388b1c-2528-404e-88e2-a01743fb7074,Sweater,Apparel,7,273.06,2025-01-15 00:22:32,Lake Gregory,a0d0c850-08a7-4dd2-8284-44e7c35f9932
7c40d9f7-ebe9-4ffc-9f02-adaa132f5b2d,Headphones,Electronics,6,431.03,2025-01-11 14:52:50,Port Christopher,e5f4fb62-5df0-4dc3-aca2-abbf8bc85279
cc7f1fd5-6be9-4a1d-8e43-1edd4b47c741,Lamp,Home,2,174.35,2025-01-10 03:28:43,Richardport,3d17c069-8aa2-4d69-a169-dd103a576dbd
85df7c90-d2b8-4989-ba02-74ac67086475,T-shirt,Apparel,1,477.36,2025-01-14 13:43:30,Jermainechester,88620e1f-ff10-4e50-b3d6-8f1cfa35b3a8
473e6327-bcc2-4e09-b4e5-3918ad87a76f,Lipstick,Beauty,1,348.78,2025-01-01 06:10:15,South Timothystad,d971122a-5fe1-40f3-a5a2-08ebbb8d3c3a
83df8f1b-79d6-4f33-8299-cf9070ddd779,Dumbbells,Sports,3,450.33,2025-01-16 18:36:28,South Scotttown,a77102e0-4061-4c26-88dd-05a30c529df8
3369cc47-fa3d-4b39-8e0d-1cc6966f190b,Laptop,Electronics,5,53.49,2025-01-19 22:08:01,Barnettfort,70db66cf-80c4-448e-8019-ba47a2479347
59845a1a-b389-4f5a-bed9-b47aa7ea50c4,Tennis Racket,Sports,9,477.2,2025-01-18 14:00:04,Sherihaven,86687391-e698-446e-bc58-42ed57e57c9b
3bff690c-43e6-4a47-a0f3-1fea3d0d909c,Lamp,Home,7,247.32,2025-01-13 09:09:57,Maldonadobury,01fbd692-43ed-4067-b985-bb838caaeff8
e76613a4-b330-4dc6-93c6-9373033053d9,Shoes,Apparel,1,252.82,2025-01-08 08:20:32,New Williamville,21925087-9a87-4a18-9acf-08e4234136af
4b58b5ca-b544-4ef9-ada6-1c0cbc8ce2fe,Perfume,Beauty,1,138.89,2025-01-19 18:39:37,South Andreshire,db6addfe-ac22-48c9-804c-f4ad6a913ad2
a9e41dd1-870f-4053-8587-14e01eb9b220,Foundation,Beauty,9,139.25,2025-01-10 18:42:57,North Christopher,345848ae-5499-43fd-b6cf-039e96c1410b
ca4a37e9-1398-40ac-ae78-4bc13a4d85fa,Camera,Electronics,6,341.27,2025-01-04 20:52:10,East Carlos,7a15f40b-40eb-4c3d-a193-66d7d87885ca
40d8e10e-1522-4673-ad6e-5ee7be3f8ed8,Jeans,Apparel,10,250.94,2025-01-11 22:08:50,South Gloria,00b99b5e-845a-4f85-bb04-17a2079b7d01
f1be013c-bbc7-4a45-aa95-a79a041d345b,Moisturizer,Beauty,6,436.88,2025-01-09 15:49:54,New Karenton,126f62f6-b501-479a-a7e2-ee2cc221c547
b06c3ba2-b384-461c-b772-bbc2ae288168,Headphones,Electronics,6,255.03,2025-01-14 22:28:29,Robbinsmouth,5e1b02cb-d868-4ca7-a546-946124a032d3
56341ab5-6aad-4b1c-a466-fd7486c3f126,Basketball,Sports,3,44.14,2025-01-02 14:08:38,West Kevinshire,c60f88be-f0a4-4ef8-96a4-ee0293dcf2b2
f04f0d03-ce7f-4c7d-8977-d377963d38c2,Lamp,Home,7,327.79,2025-01-17 07:31:02,Joshuaside,56bb97bf-f84c-4661-9562-15c6fe638a6c
5573279e-e8a3-4d25-8cf4-ac892f161d1f,Tennis Racket,Sports,5,470.75,2025-01-15 12:53:26,Port Brandy,9918f5b9-b30e-4c38-b7d6-0bd66881e62b
561f1957-be7c-4144-a1af-0b1c230a4dda,Table,Home,5,92.05,2025-01-05 13:26:58,Crawfordfort,af0e9b90-c50e-402c-8b33-d66331ea58b9
1dffe301-514e-4423-9068-ded0f9c4235c,T-shirt,Apparel,1,64.23,2025-01-15 14:56:08,Silvashire,08d6cdaf-a520-4bda-b2f5-c2febfe3802c
cbc2564d-53b1-4f12-8d98-777e5fd67a0f,Carpet,Home,6,124.16,2025-01-06 02:06:32,Sydneyfort,f39e1158-0611-48e4-a1d9-77b0296aa744
0a7ecce8-ef83-4221-929f-0b5ab3923828,Sofa,Home,3,338.42,2025-01-03 14:43:26,South Robinfurt,46edc1c5-42a0-428c-8264-ac5c63f9b11f
d541287e-b0e0-4b21-8bbf-cbbf84694778,Sweater,Apparel,1,50.03,2025-01-18 03:11:25,Josephborough,6ed0bf1c-d79b-4b24-bd95-08efcd1f935a
a676afea-4653-4850-9b5d-e797b34a26d7,Dumbbells,Sports,4,157.54,2025-01-05 08:13:17,Grimesbury,f89df009-1cea-4ec8-81e5-9e05badb0413
3320d61a-fe81-4fbf-9a31-279578c862c7,Laptop,Electronics,7,317.78,2025-01-13 20:01:59,Loriberg,d9bf2dc1-526f-474e-9ff0-86272fd2667c
7dfc470c-2c41-4768-8fe3-e9faf78a93d3,Shoes,Apparel,2,77.31,2025-01-22 23:47:38,Lake Marissa,8a1cce25-7387-4ff4-a0d2-59b1f7f993cf
0b710194-d77d-4b03-851a-d53bb5927377,Jeans,Apparel,7,8.4,2025-01-22 01:14:52,Edwardsburgh,06043f18-8322-4171-a5df-9c81853ffdca
f971d531-9d78-47f1-bb6a-8ba91c95a840,Dumbbells,Sports,7,193.56,2025-01-06 16:04:43,West Phillipborough,a9b70a03-2af0-40b6-9783-8c2f9c06772a
26ec9466-c829-4193-abe6-a99809dce475,T-shirt,Apparel,4,405.38,2025-01-01 15:50:19,East Tanyaborough,623b2bfd-0d14-41cc-afad-b33ab45ee90a
c3893e24-225d-481e-9659-d5b55d93c0ed,Headphones,Electronics,5,473.67,2025-01-01 08:18:31,Blevinsfurt,552eeb17-e3ae-49f7-8a25-0397520ca214
15621e71-e5b8-43f6-83c1-7773a0099732,Table,Home,8,444.93,2025-01-04 10:11:16,Port Daniel,777f913f-9fa5-45e9-b712-3fd0c4b34861
2ed75dfc-3205-4bca-b12c-b26fcda1dbac,Smartphone,Electronics,6,394.25,2025-01-13 14:24:53,Lake Luisstad,55154c66-9e35-49a6-8731-69645bf12220
785536d8-8913-4f38-8f30-204d040113eb,T-shirt,Apparel,2,246.71,2025-01-21 08:15:25,North Michaelstad,741ca42b-1af1-4302-9650-99a04831b2b2
4cb28d26-bb6e-4cd4-ad10-528a8d6d771e,Sweater,Apparel,8,365.84,2025-01-21 19:18:27,Gardnerberg,674697cb-6b21-4347-b78d-62d0f70d6a51
91d518f1-447e-4e5e-b7fb-1a82e04a7733,Perfume,Beauty,6,455.67,2025-01-22 01:45:35,Schmittbury,ac5e59f9-e1ee-44a8-a6d8-6557be887c47
16fcc581-e3b3-45b8-9aa7-a0cf995ccef8,Shampoo,Beauty,6,50.1,2025-01-10 11:15:20,New Joshuashire,c0f1f4eb-54d9-4b47-9f14-7527c937b216
7ac54b3e-cabb-4e15-bcc0-6fe0f90d5896,Table,Home,2,125.93,2025-01-22 19:09:06,Chavezburgh,2d76c667-97de-4f73-beaa-02997167343b
b4eed1ac-05ed-429c-939e-2a2387018ee5,Jeans,Apparel,3,374.95,2025-01-11 00:51:17,New Tylertown,b8985699-1b24-45fd-96d1-faf4d2622950
4b202ee6-4db5-42c1-9360-f41def667e14,Shampoo,Beauty,8,113.27,2025-01-20 03:22:38,Courtneyside,6636adf0-184c-4bdb-a48a-e431d488c731
b18f1b64-c920-4ae1-892c-52f8aaadc5c9,Jeans,Apparel,9,200.25,2025-01-16 14:08:44,New Julie,d8b4b269-cdc0-4d79-bc0d-a0f6eceb59e6
a3edc604-7402-4157-b426-933e3115232a,Foundation,Beauty,9,337.61,2025-01-17 13:04:35,Hectorberg,9b79cbdf-1b31-4781-b2fd-13533af77573
8026b4cb-bd4a-4ae5-be99-668559255679,Perfume,Beauty,7,287.97,2025-01-01 06:43:30,Davisberg,731d0169-47e7-4478-9d4c-6a7511ac4774
53e94552-b180-478d-b67b-b15b2aca8850,Jacket,Apparel,10,35.92,2025-01-14 14:36:45,Aarontown,044fad11-1bc5-4875-9f62-e091d35c219d
9641f6a9-8d83-49d2-9d20-73e99c7f558a,Lipstick,Beauty,4,344.8,2025-01-13 03:04:12,Lake Ericville,e2f800fb-2ef4-4e59-8243-73248067d271
c8a8344e-bdc9-4c94-9abb-5ff8a3e97ac2,Carpet,Home,4,118.03,2025-01-20 05:53:03,North Samantha,7a4fb44a-755a-4c62-8f4b-2212e51b33fd
438b486a-0763-4fb6-b434-1bd26a52e775,Tablet,Electronics,10,360.96,2025-01-09 13:40:36,Jonesshire,c289b34b-47fa-4260-938c-1fea0bb78447
468fc156-25df-46d2-9f94-3de4b4f88206,Sweater,Apparel,1,80.7,2025-01-19 20:33:19,West Dawn,0cadebe1-5908-41ee-af79-d5c36f882e48
b76ea53a-b714-4652-851a-6e25974abff1,Yoga Mat,Sports,10,118.61,2025-01-19 21:31:52,Barnesstad,351b1430-19b0-472b-bd2f-2bfb395aacea
b089eab9-908e-4dd2-af93-3c4e460edf62,Camera,Electronics,5,181.73,2025-01-02 03:05:02,Kimberlyport,d5313a2e-382d-443c-abe5-08d0a24d5fc6
79572bfa-c512-437f-8ee2-7b4abb7f7784,Shampoo,Beauty,10,387.2,2025-01-01 05:21:19,Larryton,b0963875-14ba-48fe-ad5d-5b1d6cc36ae7
c313d96b-8b85-4e3c-9e46-49fc50ea510b,Football,Sports,5,148.27,2025-01-06 05:00:49,Natalieberg,5880a0e6-bda3-4d20-99f2-94637e925101
5c1038a3-ee93-4a07-a4b6-f6464894e8d3,Football,Sports,9,185.32,2025-01-20 14:55:44,Gregoryfurt,1eacc980-0790-4656-bc60-9cd7b2b0f1e6
d1f7c0e7-adbd-4e34-8ba7-82615371ff79,Tablet,Electronics,4,86.39,2025-01-10 16:47:43,West Julieview,b60ac1ae-d2be-4ddf-b117-d182a9d625bc
a40c6d9a-c8b2-4e73-bee1-79a4082c8d48,Moisturizer,Beauty,4,256.68,2025-01-14 20:25:09,New Amanda,1e092736-2f21-402f-872e-184615903307
52777427-197d-491d-8322-b30b5ea1c951,Moisturizer,Beauty,7,74.18,2025-01-16 22:42:03,Port Daniel,f8210752-eb05-4d41-ae08-16653e09ef15
b0652d93-520c-4b5e-9c6b-453b30277527,Laptop,Electronics,4,201.43,2025-01-06 12:35:36,West Samanthaton,ea685537-1f5d-4142-b8ae-b996ff53d752
017c449e-bd94-4993-b749-ec6aa71376d6,Shoes,Apparel,1,188.09,2025-01-06 02:19:06,Barnesville,7ed74ab5-ad7e-4fc4-b1c6-82bbdb34ceb0
e8972364-c441-4242-aa90-21973e509ff0,Sweater,Apparel,6,488.15,2025-01-13 07:52:06,Myersbury,e8a30113-1713-4ed5-9070-0f0aa7313738
e17994a2-7945-4096-b072-b59071543490,Tennis Racket,Sports,9,414.17,2025-01-13 09:49:46,New Davidton,ecc19bba-21fc-4182-be72-82efc8e0a03e
485d92fe-e611-4313-8e8a-d7b4ed5b29e1,Shoes,Apparel,10,244.4,2025-01-17 15:16:14,Parkerfort,4952b10e-e7f7-4816-ad33-c7392f5ba824
c429bc01-27a5-4c80-a97f-299ad43e01e0,Table,Home,9,138.69,2025-01-10 14:46:16,Lake Michael,fdae4bff-db9e-4d65-8712-8704f3992f2c
50a75d19-3ed0-4a09-81b5-c446f5ff29af,Camera,Electronics,1,252.04,2025-01-20 13:41:11,Port Brandon,aa666faa-7087-43a7-8981-6041a6f681c8
e9b9ad71-3f8e-4382-9b32-9410d59be37b,Tennis Racket,Sports,10,337.43,2025-01-13 03:56:57,Robinton,392af039-d61e-439c-9ab8-52aa4b908c42
f1ec2a2f-202b-42b4-b9bc-9565146cdfd5,Lipstick,Beauty,1,378.75,2025-01-16 05:49:23,Christinehaven,1aaa9fd0-dc8c-4209-a8e0-9a3ab53d4815
aec33baf-931a-4acb-8ccb-c9510f6eaaa5,Sofa,Home,3,474.84,2025-01-10 10:39:00,New Melissa,d5a63bdb-c642-46d5-b588-518d0b51350f
c6b86148-ac40-4c2b-86df-15b7f20e1218,Football,Sports,6,362.74,2025-01-24 06:07:03,Richardstad,cd0aa001-bad5-463c-a2dd-ea3526e02002
714310cd-c22d-45a4-bb33-a4678943e014,Table,Home,1,211.39,2025-01-01 01:13:30,Port Bruceport,4f785e78-d34e-4a88-a6da-aaffea23c647
10414c8d-b64c-435a-ae34-ceb17abae743,Sofa,Home,2,495.88,2025-01-03 03:02:47,North Susan,3d383739-6dd0-4681-bdfc-26645dce9970
abe37784-a704-4d23-baaa-455baac5d1c9,Headphones,Electronics,1,424.13,2025-01-02 05:19:48,Vanessamouth,ea2b5068-6b07-491e-9839-873d703710fd
a162f86f-3162-404e-ab3c-d55a5c236d59,Laptop,Electronics,6,197.54,2025-01-10 02:47:31,Douglasside,df9fe83c-e78e-4115-a258-33866306dd49
9762d68f-815f-4084-836a-f22b8ad4e44a,Basketball,Sports,2,156.65,2025-01-13 09:11:13,Port Lisa,e8221bd0-9147-4544-a3d0-28cf44588887
5073bde2-a60b-4c20-8c34-6868dc04768e,Moisturizer,Beauty,3,330.63,2025-01-08 15:07:46,East Gabriela,c438a51e-b4c5-4043-8fe5-b9e802e5b58b
273e5d70-6669-48c0-97eb-1c2163ebb2cf,Tablet,Electronics,7,34.75,2025-01-02 02:02:11,Coryshire,fb5f80fb-3f04-49cc-8b9f-211ca9ac9d04
14bc2a9d-59db-4aa2-a188-b0ee1343fc33,Camera,Electronics,1,243.39,2025-01-07 02:38:57,New Dalton,2d2cd3f5-36f9-4d09-893f-f31bbd3f86d7
323d6a3b-efee-4205-8174-8bcd6050b337,Sweater,Apparel,2,350.2,2025-01-22 18:41:16,Flowersberg,774acd6d-0cae-4a66-855f-8ae923b8e7cb
a35f6cd2-73f0-4e0d-aae1-ee5b96520340,Shoes,Apparel,3,56.18,2025-01-03 09:25:16,West Timothy,5f853d4f-ec69-42c0-a43f-af780ad31d6e
51c69e57-1deb-4063-bae2-4d742692443d,Moisturizer,Beauty,10,279.09,2025-01-10 21:02:57,Everettmouth,59c1037e-0f1b-4865-9976-b8b7ebbf057e
99db87b9-2833-48ab-b449-326373b02464,Basketball,Sports,6,20.63,2025-01-02 03:16:02,New Raymond,333fcddc-f170-4006-bda6-d67a478a3494
8b0006cf-2071-4d84-aef7-fbff8c6be9b9,Moisturizer,Beauty,4,296.02,2025-01-13 19:04:26,Jamesside,dbf029f0-cc49-41cf-8609-3a6351e9877d
e983879b-b314-4529-93b7-b8d0642a49b9,Shoes,Apparel,3,371.75,2025-01-04 23:12:46,Holmeschester,bdb7eb6c-e7dd-4e5b-ad8e-2d1f4d3a29eb
77a28409-be77-478c-9aad-6b41ff0ad5a6,Smartphone,Electronics,5,347.61,2025-01-21 02:43:27,East John,579c1587-0ebc-4947-a14e-44c6637deeaa
4d981c9e-a908-4cd1-903f-124881f96a8d,Sofa,Home,9,418.58,2025-01-04 23:06:18,Cynthiaborough,954f7f56-b2db-4b49-8265-a19eb4919d8d
4530e23d-ee1c-4b4b-b889-40993f527440,Camera,Electronics,10,260.67,2025-01-23 20:58:42,Christopherbury,74d16712-b9a2-47bb-b869-06ed6f1d1d0d
08d75e7d-a276-40bf-a1ac-9ca3f06bd34c,Lipstick,Beauty,4,211.8,2025-01-07 04:47:28,Port Benjaminside,4eb7e179-b5eb-43ca-9ca4-a089974b72b2
f9845a1b-1df0-4b47-8329-07e3fa0d7b88,Tablet,Electronics,4,202.24,2025-01-05 18:18:26,Phillipfort,fc8cc4e7-6d6a-4f2d-bfdc-20e228d7ffd2
f0b8aca5-daea-47ce-b265-0bf3d2325078,Yoga Mat,Sports,6,89.54,2025-01-01 20:24:28,Jacquelinehaven,f8cff7d1-a4f0-4abd-b87f-940b6efcf107
85780e13-81cb-4020-9477-05efa8aedd40,Shoes,Apparel,1,395.09,2025-01-06 19:24:25,Randytown,fcf7164b-6461-484f-a699-b05a437ff7cf
9de44da7-021d-46ee-908f-82a8a7075c62,Headphones,Electronics,10,143.82,2025-01-12 12:19:20,Roblesview,0ffdac39-b68c-483c-aea9-4f28fd9c1805
d46f2c79-a8f9-4168-8692-1d98eb8350fb,Jeans,Apparel,9,119.99,2025-01-14 15:29:07,West Scott,a56876a5-2eef-4430-b2fd-fa05016a9f0c
eacf046b-cf59-41a6-b356-5b3975f8e1a9,Laptop,Electronics,6,334.55,2025-01-02 09:06:30,West Austinburgh,d7e4e5cb-738a-499e-898d-6b808b81e70a
eb0ed4de-58fe-4c98-8794-9a02f2836324,Chair,Home,7,462.68,2025-01-13 11:06:41,Blackshire,de04dca4-5c5a-4714-aeab-72c486e503be
6cb95ad6-2821-492e-84ba-4521ef030a2c,Camera,Electronics,6,22.9,2025-01-19 18:09:55,Michelleborough,7b39115a-5dd7-4026-9adb-a6a8b772765a
9171a3c7-dbd7-4382-8fe6-0e95dea57ed4,Chair,Home,10,81.14,2025-01-15 15:43:38,Smithland,dd65c942-4da0-4c8d-b0a1-88a1f3663c83
744cf339-ab43-436f-9a6e-9d7ed0f1f3b7,Football,Sports,1,497.53,2025-01-24 07:29:03,Penastad,ad55b252-7f53-45ee-8e8c-32245bf6e1a2
12a8b50e-ca0f-4626-b72a-bb554fd5cf27,Basketball,Sports,9,315.16,2025-01-22 05:07:46,Lake Jacob,e6939f53-3e8f-4e00-9415-21f5d526c209
6a63dd4e-14a2-428c-8e72-d781d378c289,Camera,Electronics,8,349.98,2025-01-01 22:36:26,Lake Michael,aa685c17-f5f6-4e5e-ad6b-41ea45715f59
ab45d0cd-0b1a-4fb4-980c-c7f128139b6f,T-shirt,Apparel,7,272.08,2025-01-19 14:04:29,Lisaville,e7ea4056-057d-4f27-8664-93ec824080c0
ae9dd504-c8e8-4963-8bc1-09076a3a4a40,Tennis Racket,Sports,10,251.7,2025-01-21 10:49:25,Port Paul,aa245a00-2a38-48dc-954e-5513ce2fbd2c
2cc65563-6474-472c-8710-8a15065a5317,Tennis Racket,Sports,2,142.55,2025-01-15 10:13:31,Lake Lauren,283df367-f1d4-40b7-a21a-40da2b1cd2f5
87c8baf3-06b7-453f-abc9-d3559f8c1d63,Carpet,Home,5,228.77,2025-01-08 09:41:45,Port Amyside,42ed9760-5a1d-4284-9a38-d85aa0d335af
de5e78b5-76a2-4ad9-a4ad-81294a6b47e5,Smartphone,Electronics,7,101.81,2025-01-01 14:39:42,West Katherineshire,7a6f63de-cf75-4ca7-a30b-9de577eff808
7250c371-2ebb-4a78-9a10-3441d6619dbf,Smartphone,Electronics,5,181.55,2025-01-22 02:08:16,West Michelle,24277c2d-2272-4fee-b88c-b09ffa13a953
1d134ad4-81c7-4f08-a079-bea7528ebacf,Yoga Mat,Sports,7,408.52,2025-01-09 19:55:40,New Jamesfurt,cde55752-ada7-49ef-b606-57e817c927c2
9950cf80-370e-46a3-9ff9-71ea151c41c5,Basketball,Sports,7,41.02,2025-01-14 18:21:47,East Melissa,f5a1ddb6-2d2f-41e0-83b7-3ba35d82dbfb
de42396e-d9b2-4352-8e63-02816294e398,Laptop,Electronics,5,249.72,2025-01-07 10:53:02,South Katherine,413703ab-53b4-4755-94a7-de424bb00f6d
39163175-26b7-4741-bdb2-4fc4a9c22127,T-shirt,Apparel,8,90.78,2025-01-13 22:00:45,New Jessicamouth,bb010138-ca09-4ec1-86a0-031e80c7264f
b3cf8efe-862f-4353-a425-2f587114ff4c,Moisturizer,Beauty,8,235.74,2025-01-06 06:28:28,Lake Thomas,5af77fd2-7bd7-4f8e-808b-6ecfb2900a8b
f711d8ae-c38c-4dd4-9867-2bc8b06c41db,Shoes,Apparel,7,135.51,2025-01-01 21:41:07,Gailborough,eac02b39-59ae-4fc2-aca6-2ed09b1959df
9e0a8cdd-d5fd-46ab-9716-6ad6cb07739e,Chair,Home,3,56.51,2025-01-16 18:07:46,Scottshire,d7985a4d-bd05-48fb-bffb-1dec9cfc7430
0ba1fc3d-421b-47c1-834d-ba70015befd0,Dumbbells,Sports,3,219.64,2025-01-02 14:27:53,Carterhaven,9999e491-fe19-4429-a279-31475bdaaa9a
acacef98-4bc3-4cf3-9d94-bacb16ba960b,Table,Home,4,460.14,2025-01-06 21:21:43,West Donald,e5a84732-5fe3-4da5-a3b4-99841fd6f6a9
25d90df9-3e4a-4cdf-8014-d27903a29277,Headphones,Electronics,3,116.09,2025-01-13 02:42:32,Justinmouth,2af17268-1853-4ee7-9628-b949f1d11eac
f5267e97-85ed-4e55-acbc-31082e630223,Football,Sports,8,208.89,2025-01-03 21:59:15,Wilsonbury,96d5a3cb-5c03-4cc6-ad2e-05e09ff56a1f
edaaad22-91fb-4581-b1f7-ff958a5852e9,Football,Sports,3,370.41,2025-01-24 02:45:16,North Michelleton,63ecda94-0f12-4d87-9e1c-8dc4685d57ae
1afe8aa7-2cff-4304-aa02-61afc83a15fe,Foundation,Beauty,10,208.97,2025-01-12 12:33:49,New Jameston,61afba47-b2e6-4b36-99b8-46bd04f4a987
77459309-38ef-462a-954d-5b79bb4cf10b,Perfume,Beauty,3,311.88,2025-01-08 00:21:17,South Jamietown,cba4fb9f-b3bf-4908-90e6-3f900e5a9d51
23fffc35-31c4-49d7-ace4-211e3f3bc3b2,Foundation,Beauty,8,314.89,2025-01-21 00:16:23,Nelsonborough,6fbaceda-c65c-43d7-b6d5-92f4c49fa1d8
c36e1c6a-c70b-4b92-9abe-aaf51410487a,Chair,Home,2,54.51,2025-01-05 20:54:41,Davidfort,4be4fb6a-a9c9-4c08-9806-522a44bc8b4e
9e8c7880-7571-4755-9171-b464224745ff,Jeans,Apparel,10,404.86,2025-01-09 02:24:40,Lake Mitchellfort,c3aa9f7c-1318-43a7-b26a-d94b0e5dbf69
00669293-5ace-4b32-9d99-481fa2d50717,Camera,Electronics,3,134.06,2025-01-11 02:46:59,Nancyshire,4628ec29-139c-48a5-a237-716bfe5a0084
a7207b0c-05da-49fa-8e05-d2b5421d492c,Perfume,Beauty,5,401.15,2025-01-08 00:25:43,Port Williamland,4fc3a2c2-904e-47df-a849-3a648e16e885
a08f599c-a264-4508-94e3-8508ff66857e,T-shirt,Apparel,4,50.9,2025-01-19 16:42:01,Harrisville,c24d76da-4da6-4ba6-8219-553368ec12df
c5892284-9675-4987-9ae7-7e9a1bda2a7e,T-shirt,Apparel,6,78.87,2025-01-16 21:40:19,Lake Michellemouth,c296e3d1-4d17-44f4-9016-b6d5b42eaec1
88efd728-f1e0-4af5-9414-9eb69fbad87e,Smartphone,Electronics,3,338.3,2025-01-19 20:05:14,Anthonyton,b14b390f-4ddb-437e-ace0-b63b5a9ab9df
1b9f76c7-5243-4ff3-a4cf-152681dbd57f,Basketball,Sports,1,55.16,2025-01-16 07:02:33,West Nancy,ac27d989-25ee-4937-800e-5e101a9b18b7
1c08b364-1dd2-48d6-98e3-3ffdd9654fd0,Perfume,Beauty,8,355.01,2025-01-02 08:00:47,Oneillmouth,9113b5e7-7990-43c8-8b86-97bd03c92c17
379141b9-c2f5-47bb-99ca-d2fb2e30f21c,Shoes,Apparel,2,114.75,2025-01-16 22:01:05,East Michael,13999d00-41b8-416e-8156-5c70b28b4c0f
0fe0b710-1b33-496b-b9ec-8ecfdcf8aa9c,Shoes,Apparel,4,467.98,2025-01-21 15:25:14,Port Anthony,f4e20ed5-f315-40eb-aca5-93a219e3b49f
387f7dc6-6562-48f0-8927-1f44ec2b559c,Lipstick,Beauty,9,452.56,2025-01-05 07:28:01,South Margaretshire,e79f01e2-a13a-4a4b-a3dc-cdf7c13e22c6
02a57723-1b57-4767-a937-811bbe87750a,Jacket,Apparel,3,130.1,2025-01-09 06:18:59,North Brooke,2f8c4275-8afd-4246-8363-a640d6758497
dea77d5f-de56-4966-8bbe-bca93e4ad075,Lipstick,Beauty,10,233.17,2025-01-13 05:35:37,Jasminemouth,b9c5d785-6509-4f31-988d-8c196fbc1a6d
aa288923-e8d1-4220-8a22-c7a4dfd947cb,Headphones,Electronics,7,260.49,2025-01-17 15:54:47,South Annafurt,6373931e-c565-417a-bbdf-966ab3adbd8d
4d7781a8-6f47-439b-9c7e-78c1315017a2,Shampoo,Beauty,2,296.36,2025-01-10 07:11:08,Rodriguezhaven,2ebb7b7f-d717-41fb-9520-01a4397e4ebd
f546013f-bb2e-4686-a0e7-2724d566b79c,Shampoo,Beauty,4,386.27,2025-01-23 09:33:03,South Timothyfort,b00f64ab-8eea-4a6b-b4c3-3775a3f6dc0f
398746ba-049f-4147-a5ad-666930c1595e,Chair,Home,10,285.69,2025-01-07 20:52:07,South Nancyshire,1ff8483c-c80d-4014-8e5b-fa0ea144b58f
384c1a90-dbc5-44a0-ab80-6975c3f32884,Smartphone,Electronics,8,54.97,2025-01-03 14:14:46,Loriside,d105248e-af7f-4e63-ae30-3817f535e37b
883d5e34-e4fb-49c2-ac87-a83912e09e2a,Moisturizer,Beauty,9,365.85,2025-01-03 08:09:24,Lake Charles,33e44ef9-bc45-4fb1-af74-36f6401fcce1
d128eebe-456e-4643-b222-c856df352173,Dumbbells,Sports,10,40.16,2025-01-10 04:44:56,Lake Patricia,bb8943fd-22b7-4df0-aea5-57b4de4559b0
87d8b3bb-48eb-4353-b557-6ebeca970628,Laptop,Electronics,4,469.83,2025-01-07 03:13:04,New Christinaberg,f5827a2e-9398-49b8-8f94-9bc4f8c15ff6
a70827f6-9e6a-4e30-97c5-d8e67880dd04,Laptop,Electronics,7,40.16,2025-01-19 06:21:16,Graceport,cc7ab408-bdec-4432-933a-35fe6e9489e0
98bdf27e-cbf8-4860-b4f0-8a819cde2e59,Perfume,Beauty,10,490.57,2025-01-01 05:46:11,Charlesburgh,7eca6eca-f1b5-42f6-a81b-0386937f04c2
d4f986d0-f1c1-41b8-a86c-f9d3912ca54b,Sweater,Apparel,10,471.63,2025-01-09 19:51:40,West Brian,04e66048-bfcb-4046-b992-66d4f0645298
a6791ffd-15a8-4f6c-b575-ba3d0f1e52db,Football,Sports,7,182.81,2025-01-20 19:17:34,Lake Marychester,c663d80d-4b41-4f5e-8fe1-357da0fb1a8e
ad8c3a33-691a-42d7-9281-a7d1e4627e62,Basketball,Sports,8,138.38,2025-01-16 10:58:53,Port Christinamouth,75a153d5-6458-447a-94a5-1bd2a8708d07
5696fce3-6d45-4414-8f6e-6c0e629347a7,Camera,Electronics,1,397.21,2025-01-10 05:30:30,Taylorstad,064e55a7-f81b-42f4-b139-9e275e1dcf65
78234680-739e-42a0-9ee8-d9b029b52059,T-shirt,Apparel,2,284.88,2025-01-04 11:32:05,New Natashaside,d11b56cc-302f-4332-8f20-6e9967a7df90
dfd13011-6779-4ced-a2c3-963ac08277c2,Smartphone,Electronics,9,468.79,2025-01-03 09:32:57,New Paulville,a93b1fe4-39f5-40d1-b367-9b2ead6acc66
07ebe10a-5052-4947-9b47-54b40142c064,Headphones,Electronics,8,58.0,2025-01-16 09:30:06,New John,f03bd330-fd18-461d-8e80-1455e6f37ee5
860bcac4-1451-4333-ac11-b8e4a90d963e,Sofa,Home,6,436.5,2025-01-08 19:10:30,Dunnmouth,393cd457-f19f-47bd-815e-9b2b1ef73fe8
1fb34a80-03da-442b-bbf9-6e61bcffcda2,Jacket,Apparel,10,118.0,2025-01-01 12:35:09,Stephaniestad,e6061353-824b-498f-8555-1b35b33225a5
1f0beef0-e85e-4d15-a23a-b2dea5a9e09d,Headphones,Electronics,10,417.75,2025-01-03 03:26:17,Port Randychester,e0dae34b-df08-4aa5-b56e-c0de680d4996
192cd495-97cb-447d-bb57-36c0e8a1f508,Yoga Mat,Sports,7,118.34,2025-01-15 01:18:29,East Chadville,04057901-ef1b-4830-bd11-268fc3622b91
2df895cd-bec3-4d2e-b5be-0249f129cf04,Perfume,Beauty,2,195.43,2025-01-09 04:35:32,Rubioville,0181d0bd-51ed-47dd-838d-d1c34279b9da
cf5de482-5340-4227-9d6b-276bc1bf3abc,Football,Sports,1,456.86,2025-01-16 10:10:30,Ashleyfurt,29712508-97cd-4419-a354-4556256f0c3f
5792d9c5-dc1a-4bbe-9a7a-97a3f2766e60,Tablet,Electronics,8,218.84,2025-01-15 18:11:51,Martinborough,bf39f825-af0a-482e-8f94-88f99e31d2dd
79f45eaa-1ddd-4817-9d9f-3dda9753211b,Tablet,Electronics,5,188.11,2025-01-14 16:43:36,East Reginaville,51ef62f7-38e3-4097-b9af-a3f49eda6d5a
0e8d2427-626a-4c73-b524-e052b4772a35,Smartphone,Electronics,10,445.84,2025-01-16 20:20:00,New Lisashire,1a2900c4-1ba9-49ff-b8dd-5951d56d5dc4
12fe70cc-191f-464c-b8b8-61ab786603dc,Smartphone,Electronics,7,491.92,2025-01-14 15:54:47,Johnsonmouth,a82c9765-5550-499e-8c14-c01090ad6896
29947848-dc43-4b4a-a5d1-7795b9da561a,Tennis Racket,Sports,10,95.72,2025-01-22 00:27:22,South Jacobstad,bc3696b7-63da-4cc5-9fb0-664d10264a6d
ae796060-e240-4a7d-bef6-eb8c72c17597,Foundation,Beauty,5,448.91,2025-01-09 17:03:43,North Robertbury,fef547d1-c3e6-447b-a366-4dd5e35f88a4
da497fe1-225d-400b-92e7-63abbb6fd64b,Sofa,Home,2,375.85,2025-01-17 12:41:31,Lake Jamesshire,4f787b2f-63e4-41a2-bba0-3cd160fc5935
44198d69-38f8-45c9-babd-cf89feb9e6f8,Table,Home,7,71.11,2025-01-02 10:23:49,Phillipstad,a192d492-e106-404b-9e48-938cdfb7c13b
8f14c4c3-311f-4471-81ba-8bd154650df7,Table,Home,4,477.91,2025-01-10 00:41:45,West Angie,28b9c621-0994-4b1a-b0d3-a69ec4f9afc8
9ae1fc95-4729-4969-9867-53e89fd39374,Smartphone,Electronics,5,413.54,2025-01-02 16:34:17,East Donnaborough,e7295b7e-41de-4219-8d8b-be4aeb37b807
e0bed190-6181-41e5-8aaf-caef1d443617,Dumbbells,Sports,10,233.84,2025-01-20 08:47:55,Alvarezfort,caf2d8d8-4ae5-453b-810b-425e63104640
bc0c59eb-ff3c-4f52-a042-bb331471799e,Shampoo,Beauty,1,242.37,2025-01-18 16:21:02,North Ashleybury,1366c371-e916-4c70-a6e8-3326d6824353
0a6e295a-e151-407e-a045-a7efe5531dfa,Jacket,Apparel,9,141.13,2025-01-15 20:08:48,Stewartchester,929c6720-5bc5-44f0-a815-7ad384bd2129
ff89a5ad-7be1-4dab-abda-5767a4188924,Lipstick,Beauty,4,465.68,2025-01-10 12:10:36,New Alicia,b0ba6087-02f8-44f5-962d-dacce31f7d69
c9445f54-07a7-4080-8bd8-130ed91f0e63,Sweater,Apparel,5,258.27,2025-01-07 01:21:25,Jonesside,cb38df8d-1ded-4192-8bcc-71c9e1229868
b992d00c-a895-4e73-9bec-cd211f0a53a2,Laptop,Electronics,9,365.6,2025-01-22 06:49:22,Lindamouth,451d84d2-c4e9-46b4-a502-133e758ed413
3214bf64-1e16-4942-b860-62c3dbdbc3d1,Yoga Mat,Sports,6,305.76,2025-01-19 00:59:13,New Lauren,cebf75e5-4557-4611-b61c-8cb75a491b68
2359a93e-eb3e-49a6-a8dd-34a2b8272fd4,Football,Sports,4,373.36,2025-01-22 23:17:50,East Caseyburgh,58f31186-b783-4b37-a3c9-e5ae87888930
194d9f0e-f43c-4521-8ddb-1ad3643e99c9,Dumbbells,Sports,10,241.58,2025-01-18 22:44:21,West Ana,5c465ea7-8d07-41fe-8b97-0b016b67a122
6b6b45d6-2db9-4d52-aab8-3c6a8ddd10c8,Laptop,Electronics,10,455.87,2025-01-17 04:26:46,South Amy,c338eb71-5906-4269-82d1-512d76d02aac
b1b1677b-3f81-43f5-a867-b4af157853d3,Lipstick,Beauty,1,271.17,2025-01-22 12:17:53,Chelseaton,04508a27-2608-4100-b9d0-54f992314ac4
10a1fc5a-6064-4600-ae99-701c1ea9bcc7,Shampoo,Beauty,9,297.71,2025-01-22 20:48:05,East Laurenhaven,fbf09a34-3c14-48bf-880a-93b91481c28a
e8ee53cc-ab72-43be-a7de-0090940b33f4,Football,Sports,8,323.93,2025-01-17 23:32:50,New Lisaland,ddc40903-bddf-4077-9313-887681f504fa
28aa450a-92b3-4f4f-81c3-855eae286690,Tablet,Electronics,2,8.31,2025-01-07 19:36:17,North Jasonside,3dea5d14-0aea-4e06-bacd-15300b3ce7d0
95eba20c-fe88-4d95-87da-87637baff6ce,T-shirt,Apparel,5,281.11,2025-01-16 20:22:37,Bullockfort,9e794de0-af87-4b6e-8d3c-3a4304514003
ae1973a9-f332-4df4-987d-8d24ed956f96,Shoes,Apparel,9,474.38,2025-01-11 15:11:30,Christinestad,fcdf5e0b-9b08-4bad-8a43-f490fd757949
1478a959-aba8-48f6-b607-1f24651c72f6,Shoes,Apparel,2,342.89,2025-01-08 16:32:20,Wolfberg,bfb65a06-c774-415d-aedf-f5f1406e8ab8
1e34acd5-a175-4228-92c3-29e8836869d1,Camera,Electronics,2,167.16,2025-01-02 09:23:12,North Jennifer,5c628020-bfb6-4cf6-b3a5-46cae4fb1f0a
ab893176-504e-4ccc-9642-ef665970702d,Tablet,Electronics,4,82.29,2025-01-12 23:02:19,East Adamhaven,7f044a65-bb88-4336-b5f2-0979e536be6e
3442623f-07bd-43cf-b989-f98636a11cb7,Perfume,Beauty,6,494.6,2025-01-07 06:40:42,Traciton,50328c5f-b288-45c3-ad40-774b3dbf23b6
0811afe5-f59a-46d6-9cd4-70a0f2762db0,Chair,Home,6,256.18,2025-01-11 05:20:01,Joseton,db909c4b-2ef6-4de9-8b37-7d111bfd455a
4acb393f-cc78-4f97-a119-21e322e199c1,Foundation,Beauty,4,452.0,2025-01-15 02:00:38,Esparzaberg,4fa45de5-e382-4384-b43e-58786b70aba0
d6fecd16-3657-48e5-a3c0-bbbedca05ed4,Table,Home,10,485.88,2025-01-15 21:30:06,Jamesport,261e9bd8-c1ab-4e1f-9db5-7bfb12a36a6d
dfd5d4ae-1fe4-48f6-ac7b-2935ca62b74d,Foundation,Beauty,2,172.76,2025-01-22 10:56:05,Benjaminton,95d0c101-dee1-4367-b7e4-26d01b3fe181
